,rating,Team,Type,mu,sd,name,finalpriors,finalse,player_id,index,player_name
0,6.239155241852652,Golden State Warriors,Rookie,1.2911326666666667,5,Harrison Barnes,0.07112392668675427,3.9004020284302636,203084,11,Harrison Barnes
1,6.239155241852652,Golden State Warriors,Rookie,0.3157586666666667,5,Ian Clark,-0.8966795538951938,3.9004020284302636,203546,434,Ian Clark
2,6.239155241852652,Golden State Warriors,Rookie,0.6695826666666667,5,Festus Ezeli,0.3380254952365266,3.9004020284302636,203105,10,Festus Ezeli
3,6.239155241852652,Golden State Warriors,Rookie,0.37732,5,Kevon Looney,-0.9008741841220193,3.9004020284302636,1626172,468,Kevon Looney
4,6.239155241852652,Golden State Warriors,Rookie,0.2816863333333333,5,James Michael McAdoo,-0.8950348910976176,3.9004020284302636,203949,315,James Michael McAdoo
5,2.72685865156104,Los Angeles Clippers,Rookie,0.175031,5,Branden Dawson,-0.948598018784365,3.9004020284302636,1626183,234,Branden Dawson
6,2.72685865156104,Los Angeles Clippers,Rookie,0.32711599999999996,5,Pablo Prigioni,-0.8966795538951938,3.9004020284302636,203143,80,Pablo Prigioni
7,2.72685865156104,Los Angeles Clippers,Rookie,1.0333333333333334,5,Austin Rivers,0.1816030818316756,3.9004020284302636,203085,79,Austin Rivers
8,2.72685865156104,Los Angeles Clippers,Rookie,0.020592,5,Alex Stepheson,-0.9774188343298398,3.9004020284302636,1627293,470,Alex Stepheson
9,2.38846342928413,San Antonio Spurs,Rookie,0.38095966666666653,5,Kyle Anderson,-0.9008741841220193,3.9004020284302636,203937,95,Kyle Anderson
10,2.38846342928413,San Antonio Spurs,Rookie,0.4,5,Boban Marjanovic,-0.8545606961060359,3.9004020284302636,1626246,248,Boban Marjanovic
11,2.38846342928413,San Antonio Spurs,Rookie,0.3157586666666667,5,Ray McCallum,-0.8966795538951938,3.9004020284302636,203492,181,Ray McCallum
12,2.38846342928413,San Antonio Spurs,Rookie,0.175031,5,Jonathon Simmons,-0.948598018784365,3.9004020284302636,203613,466,Jonathon Simmons
13,0.9002914205478559,Cleveland Cavaliers,Rookie,0.3824266666666667,5,Matthew Dellavedova,-0.9008741841220193,3.9004020284302636,203521,83,Matthew Dellavedova
14,0.9002914205478559,Cleveland Cavaliers,Rookie,0.43333333333333335,5,Sasha Kaun,-0.8111827519362685,3.9004020284302636,201619,377,Sasha Kaun
15,0.9002914205478559,Cleveland Cavaliers,Rookie,0.057657333333333324,5,Jordan McRae,-0.9774188343298398,3.9004020284302636,203895,278,Jordan McRae
16,0.0,Atlanta Hawks,Rookie,0.6666666666666666,5,Kent Bazemore,-2.2958368108089457,3.9004020284302636,203145,3,Kent Bazemore
17,0.0,Atlanta Hawks,Rookie,0.43483999999999995,5,Tim Hardaway Jr.,-0.8111827519362685,3.9004020284302636,203501,197,Tim Hardaway Jr.
18,0.0,Atlanta Hawks,Rookie,0.3157586666666667,5,Mike Muscala,-0.8966795538951938,3.9004020284302636,203488,2,Mike Muscala
19,0.0,Atlanta Hawks,Rookie,0.175031,5,Lamar Patterson,-0.948598018784365,3.9004020284302636,203934,446,Lamar Patterson
20,0.0,Atlanta Hawks,Rookie,0.5878,5,Dennis Schroder,-0.6937059825128542,3.9004020284302636,203471,1,Dennis Schroder
21,0.0,Atlanta Hawks,Rookie,1.111111,5,Mike Scott,0.08275861354220679,3.9004020284302636,203118,92,Mike Scott
22,0.0,Atlanta Hawks,Rookie,0.3333333333333333,5,Edy Tavares,-0.8966795538951938,3.9004020284302636,204002,235,Edy Tavares
23,-0.007954033365553871,Portland Trailblazers,Rookie,0.175031,5,Cliff Alexander,-0.948598018784365,3.9004020284302636,1626146,191,Cliff Alexander
24,-0.007954033365553871,Portland Trailblazers,Rookie,0.175031,5,Pat Connaughton,-0.948598018784365,3.9004020284302636,1626192,334,Pat Connaughton
25,-0.007954033365553871,Portland Trailblazers,Rookie,0.3157586666666667,5,Allen Crabbe,-0.8966795538951938,3.9004020284302636,203459,60,Allen Crabbe
26,-0.007954033365553871,Portland Trailblazers,Rookie,0.2816863333333333,5,Tim Frazier,-0.8950348910976176,3.9004020284302636,204025,192,Tim Frazier
27,-0.007954033365553871,Portland Trailblazers,Rookie,0.9646863333333332,5,Maurice Harkless,0.20320702040526167,3.9004020284302636,203090,371,Maurice Harkless
28,-0.007954033365553871,Portland Trailblazers,Rookie,1.0252933333333334,5,Meyers Leonard,0.19471422975947672,3.9004020284302636,203086,258,Meyers Leonard
29,-0.007954033365553871,Portland Trailblazers,Rookie,1.4120956666666666,5,Damian Lillard,0.07112392668675427,3.9004020284302636,203081,59,Damian Lillard
30,-0.007954033365553871,Portland Trailblazers,Rookie,0.84172,5,CJ McCollum,0.2272529373557169,3.9004020284302636,203468,61,CJ McCollum
31,-0.007954033365553871,Portland Trailblazers,Rookie,0.47184,5,Mason Plumlee,-0.9572059409892134,3.9004020284302636,203486,409,Mason Plumlee
32,-0.007954033365553871,Portland Trailblazers,Rookie,0.9516466666666666,5,Brian Roberts,0.20320702040526167,3.9004020284302636,203148,187,Brian Roberts
33,-0.007954033365553871,Portland Trailblazers,Rookie,0.8792399999999999,5,Noah Vonleh,0.20320702040526167,3.9004020284302636,203943,166,Noah Vonleh
34,-0.007954033365553871,Portland Trailblazers,Rookie,0.175031,5,Luis Montero,-0.948598018784365,3.9004020284302636,1626242,161,Luis Montero
35,-0.153245222115501,Memphis Grizzlies,Rookie,0.4682,5,Jordan Adams,-0.9572059409892134,3.9004020284302636,203919,369,Jordan Adams
36,-0.153245222115501,Memphis Grizzlies,Rookie,0.2816863333333333,5,JaMychal Green,-0.8950348910976176,3.9004020284302636,203210,198,JaMychal Green
37,-0.153245222115501,Memphis Grizzlies,Rookie,0.41028000000000003,5,Jarell Martin,-0.8129379163710868,3.9004020284302636,1626185,228,Jarell Martin
38,-0.153245222115501,Memphis Grizzlies,Rookie,0.27216066666666666,5,Russ Smith,-0.8950348910976176,3.9004020284302636,203893,392,Russ Smith
39,-0.153245222115501,Memphis Grizzlies,Rookie,0.010296,5,Briante Weber,-0.880108909096272,3.9004020284302636,1627362,271,Briante Weber
40,-0.153245222115501,Memphis Grizzlies,Rookie,0.029862666666666662,5,Xavier Munford,-0.9774188343298398,3.9004020284302636,204098,277,Xavier Munford
41,-0.161675770812095,Houston Rockets,Rookie,2.1666666666666665,5,Patrick Beverley,0.2613852394781933,3.9004020284302636,201976,302,Patrick Beverley
42,-0.161675770812095,Houston Rockets,Rookie,0.41423999999999994,5,Clint Capela,-0.7216612228585201,3.9004020284302636,203991,245,Clint Capela
43,-0.161675770812095,Houston Rockets,Rookie,0.5488,5,Sam Dekker,-0.6361282284301751,3.9004020284302636,1626155,288,Sam Dekker
44,-0.161675770812095,Houston Rockets,Rookie,0.3333333333333333,5,Montrezl Harrell,-0.8966795538951938,3.9004020284302636,1626149,39,Montrezl Harrell
45,-0.161675770812095,Houston Rockets,Rookie,0.8298433333333334,5,Terrence Jones,0.2272529373557169,3.9004020284302636,203093,196,Terrence Jones
46,-0.161675770812095,Houston Rockets,Rookie,0.762735,5,Donatas Motiejunas,0.05586747267163118,3.9004020284302636,202700,209,Donatas Motiejunas
47,-0.847521089036945,Dallas Mavericks,Rookie,0.483,5,Justin Anderson,-0.9572059409892134,3.9004020284302636,1626147,143,Justin Anderson
48,-0.847521089036945,Dallas Mavericks,Rookie,0.175031,5,Salah Mejri,-0.948598018784365,3.9004020284302636,1626257,255,Salah Mejri
49,-0.847521089036945,Dallas Mavericks,Rookie,0.2816863333333333,5,Dwight Powell,-0.8950348910976176,3.9004020284302636,203939,140,Dwight Powell
50,-1.12251761215489,Chicago Bulls,Rookie,0.2816863333333333,5,Cameron Bairstow,-0.8950348910976176,3.9004020284302636,203946,215,Cameron Bairstow
51,-1.12251761215489,Chicago Bulls,Rookie,0.17503,5,Cristiano Felicio,-0.948598018784365,3.9004020284302636,1626245,243,Cristiano Felicio
52,-1.12251761215489,Chicago Bulls,Rookie,0.31576666666666664,5,Justin Holiday,-0.8966795538951938,3.9004020284302636,203200,148,Justin Holiday
53,-1.12251761215489,Chicago Bulls,Rookie,0.79348,5,Doug McDermott,0.2178502956827613,3.9004020284302636,203926,156,Doug McDermott
54,-1.12251761215489,Chicago Bulls,Rookie,1.8479083333333333,5,Nikola Mirotic,0.18663181537230056,3.9004020284302636,202703,120,Nikola Mirotic
55,-1.12251761215489,Chicago Bulls,Rookie,0.46371999999999997,5,Bobby Portis,-0.9572059409892134,3.9004020284302636,1626171,406,Bobby Portis
56,-1.12251761215489,Chicago Bulls,Rookie,0.5119600000000001,5,Tony Snell,-0.7047415616074169,3.9004020284302636,203503,4,Tony Snell
57,-1.5691618237586298,Oklahoma City Thunder,Rookie,0.75968,5,Steven Adams,0.05586747267163118,3.9004020284302636,203500,51,Steven Adams
58,-1.5691618237586298,Oklahoma City Thunder,Rookie,0.38008000000000003,5,Josh Huestis,-0.9008741841220193,3.9004020284302636,203962,441,Josh Huestis
59,-1.5691618237586298,Oklahoma City Thunder,Rookie,0.48768,5,Mitch McGary,-0.9572059409892134,3.9004020284302636,203956,300,Mitch McGary
60,-1.5691618237586298,Oklahoma City Thunder,Rookie,0.67384,5,Cameron Payne,-0.018990339703941473,3.9004020284302636,1626166,284,Cameron Payne
61,-1.5691618237586298,Oklahoma City Thunder,Rookie,0.4036,5,Andre Roberson,-0.7853569816900808,3.9004020284302636,203460,50,Andre Roberson
62,-1.5691618237586298,Oklahoma City Thunder,Rookie,1.6666666666666667,5,Kyle Singler,0.08690733395425605,3.9004020284302636,202713,385,Kyle Singler
63,-1.5691618237586298,Oklahoma City Thunder,Rookie,1.71281,5,Dion Waiters,0.10052984939021525,3.9004020284302636,203079,54,Dion Waiters
64,-2.2829766082461203,Toronto Raptors,Rookie,0.508,5,Bruno Caboclo,-0.6465280649043724,3.9004020284302636,203998,471,Bruno Caboclo
65,-2.2829766082461203,Toronto Raptors,Rookie,0.614,5,Lucas Nogueira,-1.3322767601238295,3.9004020284302636,203512,397,Lucas Nogueira
66,-2.2829766082461203,Toronto Raptors,Rookie,0.21666666666666667,5,Norman Powell,-0.9434084360286693,3.9004020284302636,1626181,172,Norman Powell
67,-2.2829766082461203,Toronto Raptors,Rookie,1.184639,5,Terrence Ross,0.07112392668675427,3.9004020284302636,203082,37,Terrence Ross
68,-2.2829766082461203,Toronto Raptors,Rookie,1.5534940000000002,5,Jonas Valanciunas,0.07112392668675427,3.9004020284302636,202685,171,Jonas Valanciunas
69,-2.2829766082461203,Toronto Raptors,Rookie,0.50312,5,Delon Wright,-0.798175857237785,3.9004020284302636,1626153,223,Delon Wright
70,-2.8468612784556204,New Orleans Pelicans,Rookie,2.35691,5,Anthony Davis,1.671577021044704,3.9004020284302636,203076,137,Anthony Davis
71,-2.8468612784556204,New Orleans Pelicans,Rookie,0.09388633333333334,5,Bryce Dejean-Jones,-0.9853553209328909,3.9004020284302636,1626214,246,Bryce Dejean-Jones
72,-2.8468612784556204,New Orleans Pelicans,Rookie,0.018574,5,Orlando Johnson,-0.9886256938155964,3.9004020284302636,203111,348,Orlando Johnson
73,-2.8468612784556204,New Orleans Pelicans,Rookie,0.2816863333333333,5,Jarnell Stokes,-0.8950348910976176,3.9004020284302636,203950,346,Jarnell Stokes
74,-3.14618698550637,Washington Wizards,Rookie,1.898224666666667,5,Bradley Beal,0.283637557247723,3.9004020284302636,203078,110,Bradley Beal
75,-3.14618698550637,Washington Wizards,Rookie,0.18723866666666664,5,Jarell Eddie,-0.948598018784365,3.9004020284302636,204067,230,Jarell Eddie
76,-3.14618698550637,Washington Wizards,Rookie,0.64008,5,Kelly Oubre Jr.,-1.5045990755363265,3.9004020284302636,1626162,317,Kelly Oubre Jr.
77,-3.32697659971212,Utah Jazz,Rookie,0.88608,5,Trey Burke,0.20320702040526167,3.9004020284302636,203504,205,Trey Burke
78,-3.32697659971212,Utah Jazz,Rookie,0.39196,5,Rudy Gobert,-0.8881033596430906,3.9004020284302636,203497,153,Rudy Gobert
79,-3.32697659971212,Utah Jazz,Rookie,0.44948,5,Rodney Hood,-0.9171213061750944,3.9004020284302636,203918,185,Rodney Hood
80,-3.32697659971212,Utah Jazz,Rookie,0.75,5,Joe Ingles,0.25556506914398436,3.9004020284302636,204060,465,Joe Ingles
81,-3.32697659971212,Utah Jazz,Rookie,0.7466,5,Trey Lyles,0.2766255057038283,3.9004020284302636,1626168,337,Trey Lyles
82,-3.32697659971212,Utah Jazz,Rookie,0.12095933333333335,5,Elijah Millsap,-0.9667607454316333,3.9004020284302636,202407,155,Elijah Millsap
83,-3.32697659971212,Utah Jazz,Rookie,0.3333333333333333,5,Raul Neto,-0.8966795538951938,3.9004020284302636,203526,152,Raul Neto
84,-3.32697659971212,Utah Jazz,Rookie,1.0,5,Tibor Pleiss,0.20848194091445849,3.9004020284302636,202353,250,Tibor Pleiss
85,-3.32697659971212,Utah Jazz,Rookie,0.3157586666666667,5,Jeff Withey,-0.8966795538951938,3.9004020284302636,203481,395,Jeff Withey
86,-4.25185452688767,Indiana Pacers,Rookie,0.3333333333333333,5,Rakeem Christmas,-0.8966795538951938,3.9004020284302636,1626176,473,Rakeem Christmas
87,-4.25185452688767,Indiana Pacers,Rookie,0.45296000000000003,5,Solomon Hill,-0.9171213061750944,3.9004020284302636,203524,107,Solomon Hill
88,-4.25185452688767,Indiana Pacers,Rookie,0.2816666666666667,5,Glenn Robinson III,-0.8950348910976176,3.9004020284302636,203922,146,Glenn Robinson III
89,-4.25185452688767,Indiana Pacers,Rookie,0.78592,5,Myles Turner,0.17361475922950934,3.9004020284302636,1626167,306,Myles Turner
90,-4.25185452688767,Indiana Pacers,Rookie,0.2816863333333333,5,Shayne Whittington,-0.8950348910976176,3.9004020284302636,203963,251,Shayne Whittington
91,-4.25185452688767,Indiana Pacers,Rookie,0.3333333333333333,5,Joe Young,-0.8966795538951938,3.9004020284302636,1626202,264,Joe Young
92,-4.415885108794571,Phoenix Suns,Rookie,0.70928,5,Devin Booker,0.5278746048217925,3.9004020284302636,1626164,308,Devin Booker
93,-4.415885108794571,Phoenix Suns,Rookie,0.076221,5,Bryce Cotton,-0.9860309628795751,3.9004020284302636,203955,443,Bryce Cotton
94,-4.415885108794571,Phoenix Suns,Rookie,0.38672,5,Archie Goodwin,-0.8788353253879422,3.9004020284302636,203462,244,Archie Goodwin
95,-4.415885108794571,Phoenix Suns,Rookie,0.140483,5,Cory Jefferson,-0.9577161531505192,3.9004020284302636,203928,430,Cory Jefferson
96,-4.415885108794571,Phoenix Suns,Rookie,0.327,5,John Jenkins,-0.8966795538951938,3.9004020284302636,203098,355,John Jenkins
97,-4.415885108794571,Phoenix Suns,Rookie,1.26904,5,Alex Len,0.07112392668675427,3.9004020284302636,203458,106,Alex Len
98,-4.415885108794571,Phoenix Suns,Rookie,1.8333333333333333,5,Mirza Teletovic,0.21012468204627255,3.9004020284302636,203141,151,Mirza Teletovic
99,-4.415885108794571,Phoenix Suns,Rookie,0.6803600000000001,5,T.J. Warren,0.00238701727934286,3.9004020284302636,203933,407,T.J. Warren
100,-4.415885108794571,Phoenix Suns,Rookie,0.038095,5,Alan Williams,-0.9774188343298398,3.9004020284302636,1626210,282,Alan Williams
101,-4.6116591923167904,Boston Celtics,Rookie,0.020592,5,Coty Clarke,-0.9774188343298398,3.9004020284302636,1626262,440,Coty Clarke
102,-4.6116591923167904,Boston Celtics,Rookie,2.0,5,Jae Crowder,0.2723359277122964,3.9004020284302636,203109,22,Jae Crowder
103,-4.6116591923167904,Boston Celtics,Rookie,0.4,5,Jordan Mickey,-0.8545606961060359,3.9004020284302636,1626175,437,Jordan Mickey
104,-4.6116591923167904,Boston Celtics,Rookie,0.72172,5,Kelly Olynyk,0.4243034887705203,3.9004020284302636,203482,421,Kelly Olynyk
105,-4.6116591923167904,Boston Celtics,Rookie,0.60812,5,Terry Rozier,-1.3322767601238295,3.9004020284302636,1626179,25,Terry Rozier
106,-4.6116591923167904,Boston Celtics,Rookie,1.14368,5,Marcus Smart,0.07112392668675427,3.9004020284302636,203935,449,Marcus Smart
107,-4.6116591923167904,Boston Celtics,Rookie,0.75642,5,Jared Sullinger,0.05586747267163118,3.9004020284302636,203096,391,Jared Sullinger
108,-4.6116591923167904,Boston Celtics,Rookie,0.872325,5,Tyler Zeller,0.20320702040526167,3.9004020284302636,203092,338,Tyler Zeller
109,-4.6116591923167904,Boston Celtics,Rookie,0.58328,5,James Young,-0.6937059825128542,3.9004020284302636,203923,252,James Young
110,-4.688941267600169,Milwaukee Bucks,Rookie,0.65132,5,Giannis Antetokounmpo,-1.5045990755363265,3.9004020284302636,203507,240,Giannis Antetokounmpo
111,-4.688941267600169,Milwaukee Bucks,Rookie,0.7996800000000001,5,Michael Carter-Williams,0.2178502956827613,3.9004020284302636,203487,454,Michael Carter-Williams
112,-4.688941267600169,Milwaukee Bucks,Rookie,0.55412,5,Tyler Ennis,-0.5968815791407911,3.9004020284302636,203898,351,Tyler Ennis
113,-4.688941267600169,Milwaukee Bucks,Rookie,0.9810736666666666,5,John Henson,0.20320702040526167,3.9004020284302636,203089,211,John Henson
114,-4.688941267600169,Milwaukee Bucks,Rookie,0.285,5,Damien Inglis,-0.8950348910976176,3.9004020284302636,203996,360,Damien Inglis
115,-4.688941267600169,Milwaukee Bucks,Rookie,1.71748,5,Jabari Parker,0.10052984939021525,3.9004020284302636,203953,210,Jabari Parker
116,-4.688941267600169,Milwaukee Bucks,Rookie,0.703098,5,Miles Plumlee,0.5418598988888228,3.9004020284302636,203101,290,Miles Plumlee
117,-4.688941267600169,Milwaukee Bucks,Rookie,0.57768,5,Rashad Vaughn,-0.6937059825128542,3.9004020284302636,1626173,275,Rashad Vaughn
118,-5.443593013075019,Detroit Pistons,Rookie,2.1666666666666665,5,Aron Baynes,0.2613852394781933,3.9004020284302636,203382,336,Aron Baynes
119,-5.443593013075019,Detroit Pistons,Rookie,0.41748,5,Reggie Bullock,-0.7216612228585201,3.9004020284302636,203493,31,Reggie Bullock
120,-5.443593013075019,Detroit Pistons,Rookie,0.9639200000000001,5,Kentavious Caldwell-Pope,0.20320702040526167,3.9004020284302636,203484,451,Kentavious Caldwell-Pope
121,-5.443593013075019,Detroit Pistons,Rookie,0.2816863333333333,5,Spencer Dinwiddie,-0.8950348910976176,3.9004020284302636,203915,195,Spencer Dinwiddie
122,-5.443593013075019,Detroit Pistons,Rookie,1.090697,5,Andre Drummond,0.14366289133980917,3.9004020284302636,203083,134,Andre Drummond
123,-5.443593013075019,Detroit Pistons,Rookie,0.94732,5,Stanley Johnson,0.20320702040526167,3.9004020284302636,1626169,416,Stanley Johnson
124,-5.443593013075019,Detroit Pistons,Rookie,0.175031,5,Darrun Hilliard,-0.948598018784365,3.9004020284302636,1626199,404,Darrun Hilliard
125,-5.443593013075019,Detroit Pistons,Rookie,0.039005333333333336,5,Lorenzo Brown,-0.9774188343298398,3.9004020284302636,203485,344,Lorenzo Brown
126,-6.95908467674342,Miami Heat,Rookie,0.2816863333333333,5,Tyler Johnson,-0.8950348910976176,3.9004020284302636,204020,331,Tyler Johnson
127,-6.95908467674342,Miami Heat,Rookie,0.175031,5,Josh Richardson,-0.948598018784365,3.9004020284302636,1626196,357,Josh Richardson
128,-6.95908467674342,Miami Heat,Rookie,0.82724,5,Justise Winslow,0.2272529373557169,3.9004020284302636,1626159,33,Justise Winslow
129,-7.06328427784918,Brooklyn Nets,Rookie,1.1418366666666666,5,Bojan Bogdanovic,0.07112392668675427,3.9004020284302636,202711,367,Bojan Bogdanovic
130,-7.06328427784918,Brooklyn Nets,Rookie,0.44516000000000006,5,Rondae Hollis-Jefferson,-0.8781701759982673,3.9004020284302636,1626178,28,Rondae Hollis-Jefferson
131,-7.06328427784918,Brooklyn Nets,Rookie,0.53328,5,Sergey Karasev,-0.6553518245568931,3.9004020284302636,203508,358,Sergey Karasev
132,-7.06328427784918,Brooklyn Nets,Rookie,0.10686466666666666,5,Sean Kilpatrick,-0.9853553209328909,3.9004020284302636,203930,257,Sean Kilpatrick
133,-7.06328427784918,Brooklyn Nets,Rookie,0.5,5,Shane Larkin,-0.8647916057817969,3.9004020284302636,203499,273,Shane Larkin
134,-7.06328427784918,Brooklyn Nets,Rookie,0.38008000000000003,5,Chris McCullough,-0.9008741841220193,3.9004020284302636,1626191,279,Chris McCullough
135,-7.06328427784918,Brooklyn Nets,Rookie,0.3157586666666667,5,Willie Reed,-0.8966795538951938,3.9004020284302636,203186,237,Willie Reed
136,-7.06328427784918,Brooklyn Nets,Rookie,0.3271,5,Thomas Robinson,-0.8966795538951938,3.9004020284302636,203080,123,Thomas Robinson
137,-7.06328427784918,Brooklyn Nets,Rookie,0.053874,5,Henry Sims,-0.9774188343298398,3.9004020284302636,203156,362,Henry Sims
138,-7.06328427784918,Brooklyn Nets,Rookie,0.2816863333333333,5,Markel Brown,-0.8950348910976176,3.9004020284302636,203900,415,Markel Brown
139,-7.094744671525871,Sacramento Kings,Rookie,0.32711599999999996,5,Quincy Acy,-0.8966795538951938,3.9004020284302636,203112,312,Quincy Acy
140,-7.094744671525871,Sacramento Kings,Rookie,1.13276,5,Willie Cauley-Stein,0.07112392668675427,3.9004020284302636,1626161,373,Willie Cauley-Stein
141,-7.094744671525871,Sacramento Kings,Rookie,0.3157586666666667,5,Seth Curry,-0.8966795538951938,3.9004020284302636,203552,104,Seth Curry
142,-7.094744671525871,Sacramento Kings,Rookie,0.175031,5,Duje Dukan,-0.948598018784365,3.9004020284302636,1626251,475,Duje Dukan
143,-7.094744671525871,Sacramento Kings,Rookie,1.0522,5,Ben McLemore,0.1574018353416038,3.9004020284302636,203463,62,Ben McLemore
144,-7.094744671525871,Sacramento Kings,Rookie,0.2816863333333333,5,Eric Moreland,-0.8950348910976176,3.9004020284302636,203961,444,Eric Moreland
145,-7.10489066209997,Denver Nuggets,Rookie,1.111111,5,Will Barton,0.08275861354220679,3.9004020284302636,203115,101,Will Barton
146,-7.10489066209997,Denver Nuggets,Rookie,0.03333333333333333,5,Erick Green,-0.9774188343298398,3.9004020284302636,203475,249,Erick Green
147,-7.10489066209997,Denver Nuggets,Rookie,0.5291600000000001,5,Gary Harris,-0.7187336982106565,3.9004020284302636,203914,102,Gary Harris
148,-7.10489066209997,Denver Nuggets,Rookie,0.43333333333333335,5,Nikola Jokic,-0.8111827519362685,3.9004020284302636,203999,461,Nikola Jokic
149,-7.10489066209997,Denver Nuggets,Rookie,0.5699066666666667,5,Joffrey Lauvergne,-0.6523540360223617,3.9004020284302636,203530,216,Joffrey Lauvergne
150,-7.10489066209997,Denver Nuggets,Rookie,1.0340799999999999,5,Emmanuel Mudiay,0.1816030818316756,3.9004020284302636,1626144,99,Emmanuel Mudiay
151,-7.10489066209997,Denver Nuggets,Rookie,0.614,5,Jusuf Nurkic,-1.3322767601238295,3.9004020284302636,203994,432,Jusuf Nurkic
152,-7.10489066209997,Denver Nuggets,Rookie,0.11666666666666667,5,Kostas Papanikolaou,-0.9667607454316333,3.9004020284302636,203123,386,Kostas Papanikolaou
153,-7.10489066209997,Denver Nuggets,Rookie,0.041184,5,Axel Toupane,-0.9774188343298398,3.9004020284302636,1626253,411,Axel Toupane
154,-7.488149096327361,Charlotte Hornets,Rookie,0.3157586666666667,5,Troy Daniels,-0.8966795538951938,3.9004020284302636,203584,133,Troy Daniels
155,-7.488149096327361,Charlotte Hornets,Rookie,0.10048133333333334,5,Jorge Gutierrez,-0.9853553209328909,3.9004020284302636,203268,285,Jorge Gutierrez
156,-7.488149096327361,Charlotte Hornets,Rookie,0.175031,5,Aaron Harrison,-0.948598018784365,3.9004020284302636,1626151,233,Aaron Harrison
157,-7.488149096327361,Charlotte Hornets,Rookie,0.8708333333333333,5,Frank Kaminsky,0.20320702040526167,3.9004020284302636,1626163,182,Frank Kaminsky
158,-7.488149096327361,Charlotte Hornets,Rookie,2.110468,5,Michael Kidd-Gilchrist,0.2613852394781933,3.9004020284302636,203077,259,Michael Kidd-Gilchrist
159,-7.488149096327361,Charlotte Hornets,Rookie,1.011452,5,Jeremy Lamb,0.19471422975947672,3.9004020284302636,203087,118,Jeremy Lamb
160,-7.488149096327361,Charlotte Hornets,Rookie,1.4014,5,Cody Zeller,0.07112392668675427,3.9004020284302636,203469,117,Cody Zeller
161,-9.923464058428989,Orlando Magic,Rookie,0.05392533333333333,5,Keith Appling,-0.9774188343298398,3.9004020284302636,203951,347,Keith Appling
162,-9.923464058428989,Orlando Magic,Rookie,0.36666666666666653,5,Chris Copeland,-0.9255935621794794,3.9004020284302636,203142,47,Chris Copeland
163,-9.923464058428989,Orlando Magic,Rookie,0.32711599999999996,5,Jared Cunningham,-0.8966795538951938,3.9004020284302636,203099,307,Jared Cunningham
164,-9.923464058428989,Orlando Magic,Rookie,0.3157593333333333,5,Dewayne Dedmon,-0.8966795538951938,3.9004020284302636,203473,19,Dewayne Dedmon
165,-9.923464058428989,Orlando Magic,Rookie,0.762735,5,Evan Fournier,0.05586747267163118,3.9004020284302636,203095,310,Evan Fournier
166,-9.923464058428989,Orlando Magic,Rookie,1.39056,5,Aaron Gordon,0.07112392668675427,3.9004020284302636,203932,414,Aaron Gordon
167,-9.923464058428989,Orlando Magic,Rookie,0.2816863333333333,5,Joe Harris,-0.8950348910976176,3.9004020284302636,203925,420,Joe Harris
168,-9.923464058428989,Orlando Magic,Rookie,1.24716,5,Mario Hezonja,0.07112392668675427,3.9004020284302636,1626209,16,Mario Hezonja
169,-9.923464058428989,Orlando Magic,Rookie,0.2816863333333333,5,Devyn Marble,-0.8950348910976176,3.9004020284302636,203906,229,Devyn Marble
170,-9.923464058428989,Orlando Magic,Rookie,0.43148000000000003,5,Shabazz Napier,-0.8111827519362685,3.9004020284302636,203894,320,Shabazz Napier
171,-9.923464058428989,Orlando Magic,Rookie,0.7935313333333334,5,Andrew Nicholson,0.2178502956827613,3.9004020284302636,203094,321,Andrew Nicholson
172,-9.923464058428989,Orlando Magic,Rookie,1.7308400000000002,5,Victor Oladipo,0.10052984939021525,3.9004020284302636,203506,276,Victor Oladipo
173,-9.923464058428989,Orlando Magic,Rookie,0.83524,5,Elfrid Payton,0.2272529373557169,3.9004020284302636,203901,448,Elfrid Payton
174,-10.203822585508302,Los Angeles Lakers,Rookie,0.2816863333333333,5,Tarik Black,-0.8950348910976176,3.9004020284302636,204028,382,Tarik Black
175,-10.203822585508302,Los Angeles Lakers,Rookie,0.2816863333333333,5,Jordan Clarkson,-0.8950348910976176,3.9004020284302636,203903,217,Jordan Clarkson
176,-10.203822585508302,Los Angeles Lakers,Rookie,0.175031,5,Marcelo Huertas,-0.948598018784365,3.9004020284302636,1626273,69,Marcelo Huertas
177,-10.203822585508302,Los Angeles Lakers,Rookie,0.57475,5,Ryan Kelly,-0.6937059825128542,3.9004020284302636,203527,70,Ryan Kelly
178,-10.203822585508302,Los Angeles Lakers,Rookie,0.3852,5,Larry Nance Jr.,-0.9008741841220193,3.9004020284302636,1626204,350,Larry Nance Jr.
179,-10.203822585508302,Los Angeles Lakers,Rookie,1.04408,5,Julius Randle,0.1816030818316756,3.9004020284302636,203944,67,Julius Randle
180,-10.203822585508302,Los Angeles Lakers,Rookie,1.70104,5,D'Angelo Russell,0.10052984939021525,3.9004020284302636,1626156,144,D'Angelo Russell
181,-10.203822585508302,Los Angeles Lakers,Rookie,0.32711599999999996,5,Robert Sacre,-0.8966795538951938,3.9004020284302636,203135,220,Robert Sacre
182,-10.203822585508302,Los Angeles Lakers,Rookie,0.2333333333333333,5,Anthony Brown,-0.923490213058247,3.9004020284302636,1626148,225,Anthony Brown
183,-12.032900474274301,Minnesota Timberwolves,Rookie,1.2166666666666666,5,Anthony Bennett,0.07112392668675427,3.9004020284302636,203461,119,Anthony Bennett
184,-12.032900474274301,Minnesota Timberwolves,Rookie,1.3333333333333333,5,Nemanja Bjelica,0.07112392668675427,3.9004020284302636,202357,424,Nemanja Bjelica
185,-12.032900474274301,Minnesota Timberwolves,Rookie,0.49148000000000003,5,Gorgui Dieng,-0.9572059409892134,3.9004020284302636,203476,380,Gorgui Dieng
186,-12.032900474274301,Minnesota Timberwolves,Rookie,0.42736,5,Tyus Jones,-0.7702095989842558,3.9004020284302636,1626145,173,Tyus Jones
187,-12.032900474274301,Minnesota Timberwolves,Rookie,0.71612,5,Zach LaVine,0.4560145261722646,3.9004020284302636,203897,242,Zach LaVine
188,-12.032900474274301,Minnesota Timberwolves,Rookie,0.6856399999999999,5,Shabazz Muhammad,0.07168408643781089,3.9004020284302636,203498,158,Shabazz Muhammad
189,-12.032900474274301,Minnesota Timberwolves,Rookie,0.38316666666666666,5,Damjan Rudez,-0.9008741841220193,3.9004020284302636,204014,188,Damjan Rudez
190,-12.032900474274301,Minnesota Timberwolves,Rookie,1.9012,5,Karl-Anthony Towns,0.283637557247723,3.9004020284302636,1626157,131,Karl-Anthony Towns
191,-12.032900474274301,Minnesota Timberwolves,Rookie,1.91956,5,Andrew Wiggins,0.283637557247723,3.9004020284302636,203952,203,Andrew Wiggins
192,-12.032900474274301,Minnesota Timberwolves,Rookie,0.64628,5,Adreian Payne,-1.5045990755363265,3.9004020284302636,203940,157,Adreian Payne
193,-13.0964578477965,Philadelphia 76ers,Rookie,0.3157586666666667,5,Isaiah Canaan,-0.8966795538951938,3.9004020284302636,203477,313,Isaiah Canaan
194,-13.0964578477965,Philadelphia 76ers,Rookie,0.3333333333333333,5,Robert Covington,-0.8966795538951938,3.9004020284302636,203496,122,Robert Covington
195,-13.0964578477965,Philadelphia 76ers,Rookie,0.2816863333333333,5,Jerami Grant,-0.8950348910976176,3.9004020284302636,203924,202,Jerami Grant
196,-13.0964578477965,Philadelphia 76ers,Rookie,0.35,5,Richaun Holmes,-0.9100775679439586,3.9004020284302636,1626158,295,Richaun Holmes
197,-13.0964578477965,Philadelphia 76ers,Rookie,0.7149073333333333,5,Kendall Marshall,0.4560145261722646,3.9004020284302636,203088,340,Kendall Marshall
198,-13.0964578477965,Philadelphia 76ers,Rookie,0.175031,5,T.J. McConnell,-0.948598018784365,3.9004020284302636,204456,90,T.J. McConnell
199,-13.0964578477965,Philadelphia 76ers,Rookie,1.1526,5,Nerlens Noel,0.07112392668675427,3.9004020284302636,203457,88,Nerlens Noel
200,-13.0964578477965,Philadelphia 76ers,Rookie,1.52756,5,Jahlil Okafor,0.07112392668675427,3.9004020284302636,1626143,460,Jahlil Okafor
201,-13.0964578477965,Philadelphia 76ers,Rookie,0.057579666666666675,5,Phil Pressey,-0.9774188343298398,3.9004020284302636,203515,390,Phil Pressey
202,-13.0964578477965,Philadelphia 76ers,Rookie,0.9564799999999999,5,Nik Stauskas,0.20320702040526167,3.9004020284302636,203917,89,Nik Stauskas
203,-13.0964578477965,Philadelphia 76ers,Rookie,0.3157586666666667,5,Hollis Thompson,-0.8966795538951938,3.9004020284302636,203138,91,Hollis Thompson
204,-13.0964578477965,Philadelphia 76ers,Rookie,0.10192966666666667,5,Christian Wood,-0.9853553209328909,3.9004020284302636,1626174,426,Christian Wood
205,-13.0964578477965,Philadelphia 76ers,Rookie,0.7264513333333333,5,Tony Wroten,0.451275360197865,3.9004020284302636,203100,429,Tony Wroten
206,-13.0964578477965,Philadelphia 76ers,Rookie,0.2816863333333333,5,JaKarr Sampson,-0.8950348910976176,3.9004020284302636,203960,324,JaKarr Sampson
207,-13.5988448234497,New York Knicks,Rookie,0.035296,5,Thanasis Antetokounmpo,-0.9774188343298398,3.9004020284302636,203648,253,Thanasis Antetokounmpo
208,-13.5988448234497,New York Knicks,Rookie,0.2816863333333333,5,Cleanthony Early,-0.8950348910976176,3.9004020284302636,203921,374,Cleanthony Early
209,-13.5988448234497,New York Knicks,Rookie,0.2816863333333333,5,Langston Galloway,-0.8950348910976176,3.9004020284302636,204038,126,Langston Galloway
210,-13.5988448234497,New York Knicks,Rookie,0.52412,5,Jerian Grant,-0.7485335645718817,3.9004020284302636,1626170,76,Jerian Grant
211,-13.5988448234497,New York Knicks,Rookie,1.25,5,Kyle O'Quinn,0.07112392668675427,3.9004020284302636,203124,379,Kyle O'Quinn
212,-13.5988448234497,New York Knicks,Rookie,1.37724,5,Kristaps Porzingis,0.07112392668675427,3.9004020284302636,204001,74,Kristaps Porzingis
