,Unnamed: 0,rating,Team,mu,sd,name,Contract Value,Year,Type,coefs,index,player_id,player_name
0,0,13.21905832,Houston Rockets,0.508101667,5,Bobby Brown,"$1,524,305.00 ",2017,Non-rookie,-2.826782564542439,387,201628.0,Bobby Brown
1,2,13.21905832,Houston Rockets,8.199831667,5,Chris Paul,"$24,599,495.00 ",2017,Non-rookie,4.850524600276705,435,101108.0,Chris Paul
2,4,13.21905832,Houston Rockets,4.3143400000000005,5,Eric Gordon,"$12,943,020.00 ",2017,Non-rookie,5.520604807365153,19,201569.0,Eric Gordon
3,7,13.21905832,Houston Rockets,9.433133,5,James Harden,"$28,299,399.00 ",2017,Non-rookie,8.102053336914995,16,201935.0,James Harden
4,8,13.21905832,Houston Rockets,0.705651667,5,Luc Mbah a Moute,"$2,116,955.00 ",2017,Non-rookie,0.16066898589352707,14,201601.0,Luc Mbah a Moute
5,9,13.21905832,Houston Rockets,6.526151667000001,5,Ryan Anderson,"$19,578,455.00 ",2017,Non-rookie,0.920300615865134,149,201583.0,Ryan Anderson
6,11,13.21905832,Houston Rockets,2.473637333,5,Trevor Ariza,"$7,420,912.00 ",2017,Non-rookie,-3.9289618874694936,369,2772.0,Trevor Ariza
7,14,12.68894695,Golden State Warriors,4.9382716669999995,5,Andre Iguodala,"$14,814,815.00 ",2017,Non-rookie,-1.1853103320294966,198,2738.0,Andre Iguodala
8,16,12.68894695,Golden State Warriors,0.776217333,5,David West,"$2,328,652.00 ",2017,Non-rookie,-6.3966480405760455,37,2561.0,David West
9,17,12.68894695,Golden State Warriors,5.466666667,5,Draymond Green,"$16,400,000.00 ",2017,Non-rookie,1.1227235207422064,199,203110.0,Draymond Green
10,18,12.68894695,Golden State Warriors,0.705651667,5,JaVale McGee,"$2,116,955.00 ",2017,Non-rookie,-0.3114228589792845,204,201580.0,JaVale McGee
11,20,12.68894695,Golden State Warriors,8.333333332999999,5,Kevin Durant,"$25,000,000.00 ",2017,Non-rookie,6.219605681748785,391,201142.0,Kevin Durant
12,22,12.68894695,Golden State Warriors,5.94205,5,Klay Thompson,"$17,826,150.00 ",2017,Non-rookie,-1.1637999039978917,157,202691.0,Klay Thompson
13,23,12.68894695,Golden State Warriors,1.730666667,5,Nick Young,"$5,192,000.00 ",2017,Non-rookie,0.2624813589864399,35,201156.0,Nick Young
14,24,12.68894695,Golden State Warriors,0.702156667,5,Omri Casspi,"$2,106,470.00 ",2017,Non-rookie,-1.9660109330058813,36,201956.0,Omri Casspi
15,26,12.68894695,Golden State Warriors,2.564102667,5,Shaun Livingston,"$7,692,308.00 ",2017,Non-rookie,-2.4984963588319253,293,2733.0,Shaun Livingston
16,27,12.68894695,Golden State Warriors,11.56085,5,Stephen Curry,"$34,682,550.00 ",2017,Non-rookie,8.730764243732887,290,201939.0,Stephen Curry
17,28,12.68894695,Golden State Warriors,1.1592,5,Zaza Pachulia,"$3,477,600.00 ",2017,Non-rookie,-1.4822199806325402,455,2585.0,Zaza Pachulia
18,29,9.70057401,Philadelphia 76ers,3.666666667,5,Amir Johnson,"$11,000,000.00 ",2017,Non-rookie,-2.609948759293082,93,101161.0,Amir Johnson
19,34,9.70057401,Philadelphia 76ers,3.0,5,Jerryd Bayless,"$9,000,000.00 ",2017,Non-rookie,0.6461918757826197,40,201573.0,Jerryd Bayless
20,37,9.70057401,Philadelphia 76ers,2.3420799999999997,5,Markelle Fultz,"$7,026,240.00 ",2017,Non-rookie,-1.0803281844708652,269,1628365.0,Markelle Fultz
21,40,9.70057401,Philadelphia 76ers,5.566034332999999,5,Robert Covington,"$16,698,103.00 ",2017,Non-rookie,4.369223219238128,38,203496.0,Robert Covington
22,43,9.675652863,Utah Jazz,3.615168667,5,Alec Burks,"$10,845,506.00 ",2017,Non-rookie,-10.395371915314644,113,202692.0,Alec Burks
23,45,9.675652863,Utah Jazz,4.0,5,Derrick Favors,"$12,000,000.00 ",2017,Non-rookie,-1.1371078259184348,282,202324.0,Derrick Favors
24,47,9.675652863,Utah Jazz,1.066666667,5,Ekpe Udoh,"$3,200,000.00 ",2017,Non-rookie,3.6236038653420657,406,202327.0,Ekpe Udoh
25,48,9.675652863,Utah Jazz,4.712121333,5,Joe Ingles,"$14,136,364.00 ",2017,Non-rookie,3.967437036774735,480,204060.0,Joe Ingles
26,49,9.675652863,Utah Jazz,3.501666667,5,Joe Johnson,"$10,505,000.00 ",2017,Non-rookie,0.5413968890557079,499,2207.0,Joe Johnson
27,51,9.675652863,Utah Jazz,1.333333333,5,Jonas Jerebko,"$4,000,000.00 ",2017,Non-rookie,-2.3912357334786543,323,201973.0,Jonas Jerebko
28,53,9.675652863,Utah Jazz,4.758333333,5,Ricky Rubio,"$14,275,000.00 ",2017,Non-rookie,3.089646521493549,109,201937.0,Ricky Rubio
29,55,9.675652863,Utah Jazz,7.3249063329999995,5,Rudy Gobert,"$21,974,719.00 ",2017,Non-rookie,1.2035717783133624,143,203497.0,Rudy Gobert
30,56,9.675652863,Utah Jazz,1.75,5,Thabo Sefolosha,"$5,250,000.00 ",2017,Non-rookie,-4.455827306715546,386,200757.0,Thabo Sefolosha
31,58,8.526489449,Oklahoma City Thunder,1.908333333,5,Alex Abrines,"$5,725,000.00 ",2017,Non-rookie,5.800316078184237,103,203518.0,Alex Abrines
32,59,8.526489449,Oklahoma City Thunder,3.086419667,5,Andre Roberson,"$9,259,259.00 ",2017,Non-rookie,1.0542207317450425,129,203460.0,Andre Roberson
33,60,8.526489449,Oklahoma City Thunder,8.74792,5,Carmelo Anthony,"$26,243,760.00 ",2017,Non-rookie,10.389066674122533,102,2546.0,Carmelo Anthony
34,64,8.526489449,Oklahoma City Thunder,1.5555,5,Kyle Singler,"$4,666,500.00 ",2017,Non-rookie,-1.2939481146947882,468,202713.0,Kyle Singler
35,65,8.526489449,Oklahoma City Thunder,0.776217333,5,Nick Collison,"$2,328,652.00 ",2017,Non-rookie,-2.0064431221722563,442,2555.0,Nick Collison
36,66,8.526489449,Oklahoma City Thunder,1.730666667,5,Patrick Patterson,"$5,192,000.00 ",2017,Non-rookie,-10.216541143618263,510,202335.0,Patrick Patterson
37,67,8.526489449,Oklahoma City Thunder,6.502986,5,Paul George,"$19,508,958.00 ",2017,Non-rookie,-4.728312272269061,416,202331.0,Paul George
38,68,8.526489449,Oklahoma City Thunder,0.776217333,5,Raymond Felton,"$2,328,652.00 ",2017,Non-rookie,-0.2297029829607933,234,101109.0,Raymond Felton
39,69,8.526489449,Oklahoma City Thunder,9.510202667,5,Russell Westbrook,"$28,530,608.00 ",2017,Non-rookie,6.133106676142633,130,201566.0,Russell Westbrook
40,70,8.526489449,Oklahoma City Thunder,7.490636667,5,Steven Adams,"$22,471,910.00 ",2017,Non-rookie,6.070395455676213,100,203500.0,Steven Adams
41,73,8.267971906,Boston Celtics,9.244801667,5,Al Horford,"$27,734,405.00 ",2017,Non-rookie,1.97178036423428,418,201143.0,Al Horford
42,74,8.267971906,Boston Celtics,1.442666667,5,Aron Baynes,"$4,328,000.00 ",2017,Non-rookie,-9.14038823924082,324,203382.0,Aron Baynes
43,77,8.267971906,Boston Celtics,9.9093,5,Gordon Hayward,"$29,727,900.00 ",2017,Non-rookie,0.5696015325204142,538,202330.0,Gordon Hayward
44,81,8.267971906,Boston Celtics,6.289541667000001,5,Kyrie Irving,"$18,868,625.00 ",2017,Non-rookie,6.052479082018674,481,202681.0,Kyrie Irving
45,82,8.267971906,Boston Celtics,1.6666666669999999,5,Marcus Morris,"$5,000,000.00 ",2017,Non-rookie,-1.3827661024601268,118,202694.0,Marcus Morris
46,85,8.267971906,Boston Celtics,0.508101667,5,Shane Larkin,"$1,524,305.00 ",2017,Non-rookie,0.3812592930621808,135,203499.0,Shane Larkin
47,89,8.012503387999999,San Antonio Spurs,3.333333333,5,Danny Green,"$10,000,000.00 ",2017,Non-rookie,4.2479371580343255,508,201980.0,Danny Green
48,94,8.012503387999999,San Antonio Spurs,6.289541667000001,5,Kawhi Leonard,"$18,868,625.00 ",2017,Non-rookie,7.469447440773218,79,202695.0,Kawhi Leonard
49,96,8.012503387999999,San Antonio Spurs,7.15367,5,LaMarcus Aldridge,"$21,461,010.00 ",2017,Non-rookie,5.33359709503315,156,200746.0,LaMarcus Aldridge
50,97,8.012503387999999,San Antonio Spurs,0.833333333,5,Manu Ginobili,"$2,500,000.00 ",2017,Non-rookie,1.0015092831322443,428,1938.0,Manu Ginobili
51,98,8.012503387999999,San Antonio Spurs,3.5714286669999997,5,Patty Mills,"$10,714,286.00 ",2017,Non-rookie,1.0110386780154563,147,201988.0,Patty Mills
52,99,8.012503387999999,San Antonio Spurs,5.333333333,5,Pau Gasol,"$16,000,000.00 ",2017,Non-rookie,-3.821007637241204,477,2200.0,Pau Gasol
53,100,8.012503387999999,San Antonio Spurs,2.802,5,Rudy Gay,"$8,406,000.00 ",2017,Non-rookie,3.024978458484509,223,200752.0,Rudy Gay
54,101,8.012503387999999,San Antonio Spurs,5.1510419999999995,5,Tony Parker,"$15,453,126.00 ",2017,Non-rookie,-3.8949150224430658,345,2225.0,Tony Parker
55,102,7.507833506,Minnesota Timberwolves,0.705651667,5,Aaron Brooks,"$2,116,955.00 ",2017,Non-rookie,-5.1388022218762135,307,201166.0,Aaron Brooks
56,103,7.507833506,Minnesota Timberwolves,2.5247740000000003,5,Andrew Wiggins,"$7,574,322.00 ",2017,Non-rookie,-3.2091028866347138,312,203952.0,Andrew Wiggins
57,104,7.507833506,Minnesota Timberwolves,2.433333333,5,Cole Aldrich,"$7,300,000.00 ",2017,Non-rookie,-3.909237192751799,502,202332.0,Cole Aldrich
58,105,7.507833506,Minnesota Timberwolves,4.70412,5,Gorgui Dieng,"$14,112,360.00 ",2017,Non-rookie,-7.691318774315338,311,203476.0,Gorgui Dieng
59,106,7.507833506,Minnesota Timberwolves,3.647587333,5,Jamal Crawford,"$10,942,762.00 ",2017,Non-rookie,2.3571816061886075,410,2037.0,Jamal Crawford
60,108,7.507833506,Minnesota Timberwolves,6.333333333,5,Jeff Teague,"$19,000,000.00 ",2017,Non-rookie,7.239250778737817,27,201952.0,Jeff Teague
61,109,7.507833506,Minnesota Timberwolves,6.43369,5,Jimmy Butler,"$19,301,070.00 ",2017,Non-rookie,4.025558796499047,479,202710.0,Jimmy Butler
62,111,7.507833506,Minnesota Timberwolves,2.07228,5,Karl-Anthony Towns,"$6,216,840.00 ",2017,Non-rookie,3.6927242916268184,29,1626157.0,Karl-Anthony Towns
63,114,7.507833506,Minnesota Timberwolves,0.525743333,5,Shabazz Muhammad,"$1,577,230.00 ",2017,Non-rookie,-3.6558428957134734,270,203498.0,Shabazz Muhammad
64,115,7.507833506,Minnesota Timberwolves,4.666666667,5,Taj Gibson,"$14,000,000.00 ",2017,Non-rookie,0.1026298180103602,90,201959.0,Taj Gibson
65,117,7.476474607,Portland Trail Blazers,2.4396783330000003,5,Al-Farouq Aminu,"$7,319,035.00 ",2017,Non-rookie,7.7163914231160255,463,202329.0,Al-Farouq Aminu
66,119,7.476474607,Portland Trail Blazers,8.717685667000001,5,Damian Lillard,"$26,153,057.00 ",2017,Non-rookie,7.9158076956041326,122,203081.0,Damian Lillard
67,120,7.476474607,Portland Trail Blazers,2.1175103330000002,5,Ed Davis,"$6,352,531.00 ",2017,Non-rookie,-5.063954717008941,303,202334.0,Ed Davis
68,121,7.476474607,Portland Trail Blazers,5.710382667,5,Evan Turner,"$17,131,148.00 ",2017,Non-rookie,-0.03875478360506968,326,202323.0,Evan Turner
69,124,7.476474607,Portland Trail Blazers,3.387640667,5,Maurice Harkless,"$10,162,922.00 ",2017,Non-rookie,-2.477722321567972,327,203090.0,Maurice Harkless
70,125,7.476474607,Portland Trail Blazers,3.301498333,5,Meyers Leonard,"$9,904,495.00 ",2017,Non-rookie,-2.373206391446668,124,203086.0,Meyers Leonard
71,130,7.100591941,New Orleans Pelicans,7.925168667,5,Anthony Davis,"$23,775,506.00 ",2017,Non-rookie,5.381461204708495,62,203076.0,Anthony Davis
72,132,7.100591941,New Orleans Pelicans,0.7666666670000001,5,Dante Cunningham,"$2,300,000.00 ",2017,Non-rookie,-6.099927255478533,63,201967.0,Dante Cunningham
73,133,7.100591941,New Orleans Pelicans,0.7,5,Darius Miller,"$2,100,000.00 ",2017,Non-rookie,-5.384738350072509,296,203121.0,Darius Miller
74,134,7.100591941,New Orleans Pelicans,6.0212833329999995,5,DeMarcus Cousins,"$18,063,850.00 ",2017,Non-rookie,9.935191987920824,297,202326.0,DeMarcus Cousins
75,138,7.100591941,New Orleans Pelicans,0.083333333,5,Jordan Crawford,"$250,000.00 ",2017,Non-rookie,-1.2386049441028772,274,202348.0,Jordan Crawford
76,141,7.100591941,New Orleans Pelicans,8.562222333,5,Jrue Holiday,"$25,686,667.00 ",2017,Non-rookie,7.436850254387926,507,201950.0,Jrue Holiday
77,142,7.100591941,New Orleans Pelicans,3.531835,5,Omer Asik,"$10,595,505.00 ",2017,Non-rookie,-4.047849854779557,172,201600.0,Omer Asik
78,145,7.100591941,New Orleans Pelicans,1.1,5,Rajon Rondo,"$3,300,000.00 ",2017,Non-rookie,-3.516790574270196,476,200765.0,Rajon Rondo
79,147,7.100591941,New Orleans Pelicans,4.078844999999999,5,Solomon Hill,"$12,236,535.00 ",2017,Non-rookie,-2.893633485920281,245,203524.0,Solomon Hill
80,148,7.100591941,New Orleans Pelicans,0.705651667,5,Tony Allen,"$2,116,955.00 ",2017,Non-rookie,-1.3864393547947431,284,2754.0,Tony Allen
81,149,6.91526888,Indiana Pacers,3.256607,5,Al Jefferson,"$9,769,821.00 ",2017,Non-rookie,-1.9732128581626556,475,2744.0,Al Jefferson
82,150,6.91526888,Indiana Pacers,3.5,5,Bojan Bogdanovic,"$10,500,000.00 ",2017,Non-rookie,-1.4980551248967753,170,202711.0,Bojan Bogdanovic
83,151,6.91526888,Indiana Pacers,2.543333333,5,Cory Joseph,"$7,630,000.00 ",2017,Non-rookie,-3.865759660990443,169,202709.0,Cory Joseph
84,152,6.91526888,Indiana Pacers,0.705651667,5,Damien Wilkins,"$2,116,955.00 ",2017,Non-rookie,-0.8523611054945822,277,2863.0,Damien Wilkins
85,153,6.91526888,Indiana Pacers,3.333333333,5,Darren Collison,"$10,000,000.00 ",2017,Non-rookie,6.387595448723191,12,201954.0,Darren Collison
86,158,6.91526888,Indiana Pacers,1.3933333330000002,5,Lance Stephenson,"$4,180,000.00 ",2017,Non-rookie,-0.8867565724670738,339,202362.0,Lance Stephenson
87,160,6.91526888,Indiana Pacers,4.932116000000001,5,Thaddeus Young,"$14,796,348.00 ",2017,Non-rookie,-0.6280892106297351,0,201152.0,Thaddeus Young
88,161,6.91526888,Indiana Pacers,7.0,5,Victor Oladipo,"$21,000,000.00 ",2017,Non-rookie,9.61306374355399,1,203506.0,Victor Oladipo
89,162,6.899803629,Denver Nuggets,2.4883040000000003,5,Darrell Arthur,"$7,464,912.00 ",2017,Non-rookie,-0.8828065495944948,424,201589.0,Darrell Arthur
90,166,6.899803629,Denver Nuggets,1.578683333,5,Jameer Nelson,"$4,736,050.00 ",2017,Non-rookie,-7.247404025739197,301,2749.0,Jameer Nelson
91,168,6.899803629,Denver Nuggets,4.307116000000001,5,Kenneth Faried,"$12,921,348.00 ",2017,Non-rookie,-0.9951608431225508,313,202702.0,Kenneth Faried
92,170,6.899803629,Denver Nuggets,4.680365333,5,Mason Plumlee,"$14,041,096.00 ",2017,Non-rookie,-7.7684985845765615,471,203486.0,Mason Plumlee
93,172,6.899803629,Denver Nuggets,10.423077000000001,5,Paul Millsap,"$31,269,231.00 ",2017,Non-rookie,2.8842743427374278,489,200794.0,Paul Millsap
94,177,6.899803629,Denver Nuggets,1.177777667,5,Will Barton,"$3,533,333.00 ",2017,Non-rookie,4.286903762206228,33,203115.0,Will Barton
95,178,6.899803629,Denver Nuggets,4.005618,5,Wilson Chandler,"$12,016,854.00 ",2017,Non-rookie,-7.775436569607713,121,201163.0,Wilson Chandler
96,179,6.065728513,Washington Wizards,7.925168667,5,Bradley Beal,"$23,775,506.00 ",2017,Non-rookie,3.288229816865684,57,203078.0,Bradley Beal
97,181,6.065728513,Washington Wizards,5.5538803329999995,5,Ian Mahinmi,"$16,661,641.00 ",2017,Non-rookie,-0.488784363953048,73,101133.0,Ian Mahinmi
98,182,6.065728513,Washington Wizards,1.7416666669999998,5,Jason Smith,"$5,225,000.00 ",2017,Non-rookie,-6.830056658386117,254,201160.0,Jason Smith
99,183,6.065728513,Washington Wizards,1.096666667,5,Jodie Meeks,"$3,290,000.00 ",2017,Non-rookie,-3.0769124560069114,485,201975.0,Jodie Meeks
100,184,6.065728513,Washington Wizards,6.0212833329999995,5,John Wall,"$18,063,850.00 ",2017,Non-rookie,5.64919003915425,392,202322.0,John Wall
101,185,6.065728513,Washington Wizards,4.260869667,5,Marcin Gortat,"$12,782,609.00 ",2017,Non-rookie,-2.5944453964265684,279,101162.0,Marcin Gortat
102,186,6.065728513,Washington Wizards,2.666666667,5,Markieff Morris,"$8,000,000.00 ",2017,Non-rookie,-7.281559080019446,55,202693.0,Markieff Morris
103,187,6.065728513,Washington Wizards,0.569846,5,Mike Scott,"$1,709,538.00 ",2017,Non-rookie,1.0596851672397714,213,203118.0,Mike Scott
104,190,5.4842278989999995,Los Angeles Clippers,3.941666667,5,Austin Rivers,"$11,825,000.00 ",2017,Non-rookie,0.8071194443542602,232,203085.0,Austin Rivers
105,191,5.4842278989999995,Los Angeles Clippers,9.837633333,5,Blake Griffin,"$29,512,900.00 ",2017,Non-rookie,4.2585159789242235,72,201933.0,Blake Griffin
106,193,5.4842278989999995,Los Angeles Clippers,6.853199667,5,Danilo Gallinari,"$20,559,599.00 ",2017,Non-rookie,-1.031592603595307,180,201568.0,Danilo Gallinari
107,194,5.4842278989999995,Los Angeles Clippers,7.54745,5,DeAndre Jordan,"$22,642,350.00 ",2017,Non-rookie,2.509292874103563,513,201599.0,DeAndre Jordan
108,196,5.4842278989999995,Los Angeles Clippers,2.333333333,5,Lou Williams,"$7,000,000.00 ",2017,Non-rookie,2.93365033185558,289,101150.0,Lou Williams
109,197,5.4842278989999995,Los Angeles Clippers,2.0,5,Milos Teodosic,"$6,000,000.00 ",2017,Non-rookie,-2.06291220841007,318,1628462.0,Milos Teodosic
110,199,5.4842278989999995,Los Angeles Clippers,1.837838,5,Patrick Beverley,"$5,513,514.00 ",2017,Non-rookie,0.18913562233408765,454,201976.0,Patrick Beverley
111,202,5.4842278989999995,Los Angeles Clippers,1.96042,5,Wesley Johnson,"$5,881,260.00 ",2017,Non-rookie,-3.3882569397012583,389,202325.0,Wesley Johnson
112,204,5.37038963,Charlotte Hornets,4.194756667,5,Cody Zeller,"$12,584,270.00 ",2017,Non-rookie,3.0720746898697096,189,203469.0,Cody Zeller
113,206,5.37038963,Charlotte Hornets,7.833333333,5,Dwight Howard,"$23,500,000.00 ",2017,Non-rookie,-2.183059138734201,51,2730.0,Dwight Howard
114,208,5.37038963,Charlotte Hornets,2.333333333,5,Jeremy Lamb,"$7,000,000.00 ",2017,Non-rookie,4.688295757450094,53,203087.0,Jeremy Lamb
115,209,5.37038963,Charlotte Hornets,0.508101667,5,Julyan Stone,"$1,524,305.00 ",2017,Non-rookie,1.0552854012619155,419,202933.0,Julyan Stone
116,210,5.37038963,Charlotte Hornets,4.0,5,Kemba Walker,"$12,000,000.00 ",2017,Non-rookie,10.264198864116157,50,202689.0,Kemba Walker
117,212,5.37038963,Charlotte Hornets,4.389583333,5,Marvin Williams,"$13,168,750.00 ",2017,Non-rookie,-0.9999070048950642,413,101107.0,Marvin Williams
118,213,5.37038963,Charlotte Hornets,0.9,5,Michael Carter-Williams,"$2,700,000.00 ",2017,Non-rookie,-1.334039354679062,506,203487.0,Michael Carter-Williams
119,214,5.37038963,Charlotte Hornets,4.333333333,5,Michael Kidd-Gilchrist,"$13,000,000.00 ",2017,Non-rookie,-0.8334124053208329,228,203077.0,Michael Kidd-Gilchrist
120,215,5.37038963,Charlotte Hornets,7.478261,5,Nicolas Batum,"$22,434,783.00 ",2017,Non-rookie,-0.5493268563815397,361,201587.0,Nicolas Batum
121,218,5.1297563230000005,Miami Heat,3.666666667,5,Dion Waiters,"$11,000,000.00 ",2017,Non-rookie,-2.126047890644137,285,203079.0,Dion Waiters
122,219,5.1297563230000005,Miami Heat,5.666816667000001,5,Goran Dragic,"$17,000,450.00 ",2017,Non-rookie,5.900101110898305,83,201609.0,Goran Dragic
123,220,5.1297563230000005,Miami Heat,7.925168667,5,Hassan Whiteside,"$23,775,506.00 ",2017,Non-rookie,-1.2970573324601542,217,202355.0,Hassan Whiteside
124,221,5.1297563230000005,Miami Heat,4.651333333,5,James Johnson,"$13,954,000.00 ",2017,Non-rookie,-0.2475842410065052,495,201949.0,James Johnson
125,225,5.1297563230000005,Miami Heat,3.5357230000000004,5,Kelly Olynyk,"$10,607,169.00 ",2017,Non-rookie,4.87680354972034,405,203482.0,Kelly Olynyk
126,228,5.1297563230000005,Miami Heat,1.96042,5,Tyler Johnson,"$5,881,260.00 ",2017,Non-rookie,2.2817666449605563,262,204020.0,Tyler Johnson
127,229,5.1297563230000005,Miami Heat,0.776217333,5,Udonis Haslem,"$2,328,652.00 ",2017,Non-rookie,-2.5505845038564843,403,2617.0,Udonis Haslem
128,230,5.1297563230000005,Miami Heat,2.09,5,Wayne Ellington,"$6,270,000.00 ",2017,Non-rookie,2.934537360481942,85,201961.0,Wayne Ellington
129,232,5.107920036,Milwaukee Bucks,0.525743333,5,DeAndre Liggins,"$1,577,230.00 ",2017,Non-rookie,-6.0340804799656205,164,202732.0,DeAndre Liggins
130,234,5.107920036,Milwaukee Bucks,4.833333333,5,Eric Bledsoe,"$14,500,000.00 ",2017,Non-rookie,4.762684235671835,24,202339.0,Eric Bledsoe
131,235,5.107920036,Milwaukee Bucks,7.490636667,5,Giannis Antetokounmpo,"$22,471,910.00 ",2017,Non-rookie,0.7532123597330322,433,203507.0,Giannis Antetokounmpo
132,236,5.107920036,Milwaukee Bucks,2.260797333,5,Jabari Parker,"$6,782,392.00 ",2017,Non-rookie,-7.960063419969416,352,203953.0,Jabari Parker
133,237,5.107920036,Milwaukee Bucks,0.776217333,5,Jason Terry,"$2,328,652.00 ",2017,Non-rookie,3.293540483116672,150,1891.0,Jason Terry
134,238,5.107920036,Milwaukee Bucks,3.8075120000000005,5,John Henson,"$11,422,536.00 ",2017,Non-rookie,2.2506388063713967,400,203089.0,John Henson
135,239,5.107920036,Milwaukee Bucks,4.7,5,Khris Middleton,"$14,100,000.00 ",2017,Non-rookie,3.9132550701413615,173,203114.0,Khris Middleton
136,241,5.107920036,Milwaukee Bucks,3.2025,5,Matthew Dellavedova,"$9,607,500.00 ",2017,Non-rookie,0.5289185648990333,25,203521.0,Matthew Dellavedova
137,242,5.107920036,Milwaukee Bucks,3.5,5,Mirza Teletovic,"$10,500,000.00 ",2017,Non-rookie,3.0725734796677564,288,203141.0,Mirza Teletovic
138,246,5.107920036,Milwaukee Bucks,3.273809667,5,Tony Snell,"$9,821,429.00 ",2017,Non-rookie,-1.7700576431812944,210,203503.0,Tony Snell
139,247,5.049265225,Detroit Pistons,7.925168667,5,Andre Drummond,"$23,775,506.00 ",2017,Non-rookie,-3.476352063557784,139,203083.0,Andre Drummond
140,248,5.049265225,Detroit Pistons,1.096666667,5,Anthony Tolliver,"$3,290,000.00 ",2017,Non-rookie,-2.2905866593482926,140,201229.0,Anthony Tolliver
141,250,5.049265225,Detroit Pistons,2.936329667,5,Avery Bradley,"$8,808,989.00 ",2017,Non-rookie,-0.3318487721540224,91,202340.0,Avery Bradley
142,251,5.049265225,Detroit Pistons,2.333333333,5,Boban Marjanovic,"$7,000,000.00 ",2017,Non-rookie,6.088964032107977,159,1626246.0,Boban Marjanovic
143,254,5.049265225,Detroit Pistons,2.0,5,Ish Smith,"$6,000,000.00 ",2017,Non-rookie,0.6679647021803614,484,202397.0,Ish Smith
144,255,5.049265225,Detroit Pistons,3.4991063330000003,5,Jon Leuer,"$10,497,319.00 ",2017,Non-rookie,-2.179230577396679,276,202720.0,Jon Leuer
145,256,5.049265225,Detroit Pistons,1.8,5,Josh Smith,"$5,400,000.00 ",2017,Non-rookie,-3.2501238370166785,456,2746.0,Josh Smith
146,258,5.049265225,Detroit Pistons,2.222222333,5,Langston Galloway,"$6,666,667.00 ",2017,Non-rookie,0.5748796857825371,138,204038.0,Langston Galloway
147,260,5.049265225,Detroit Pistons,0.833333333,5,Reggie Bullock,"$2,500,000.00 ",2017,Non-rookie,0.2456398981840904,92,203493.0,Reggie Bullock
148,261,5.049265225,Detroit Pistons,5.333333333,5,Reggie Jackson,"$16,000,000.00 ",2017,Non-rookie,10.199883423749066,256,202704.0,Reggie Jackson
149,263,5.049265225,Detroit Pistons,5.333333333,5,Tobias Harris,"$16,000,000.00 ",2017,Non-rookie,4.0613696916124535,146,202699.0,Tobias Harris
150,264,3.9005986360000002,Los Angeles Lakers,0.776217333,5,Andrew Bogut,"$2,328,652.00 ",2017,Non-rookie,-0.13673299682044338,294,101106.0,Andrew Bogut
151,267,3.9005986360000002,Los Angeles Lakers,7.54745,5,Brook Lopez,"$22,642,350.00 ",2017,Non-rookie,0.2559207580645007,46,201572.0,Brook Lopez
152,268,3.9005986360000002,Los Angeles Lakers,2.526455333,5,Corey Brewer,"$7,579,366.00 ",2017,Non-rookie,-6.191113395972677,366,201147.0,Corey Brewer
153,270,3.9005986360000002,Los Angeles Lakers,3.854166667,5,Jordan Clarkson,"$11,562,500.00 ",2017,Non-rookie,1.239447100141616,248,203903.0,Jordan Clarkson
154,273,3.9005986360000002,Los Angeles Lakers,5.915298,5,Kentavious Caldwell-Pope,"$17,745,894.00 ",2017,Non-rookie,-0.9175244474040491,158,203484.0,Kentavious Caldwell-Pope
155,275,3.9005986360000002,Los Angeles Lakers,2.09552,5,Lonzo Ball,"$6,286,560.00 ",2017,Non-rookie,1.8674317830996097,49,1628366.0,Lonzo Ball
156,276,3.9005986360000002,Los Angeles Lakers,5.73,5,Luol Deng,"$17,190,000.00 ",2017,Non-rookie,1.7611288427095135,453,2736.0,Luol Deng
157,280,2.634309708,Dallas Mavericks,1.4675153330000001,5,Devin Harris,"$4,402,546.00 ",2017,Non-rookie,4.264047535732513,260,2734.0,Devin Harris
158,281,2.634309708,Dallas Mavericks,1.6666666669999999,5,Dirk Nowitzki,"$5,000,000.00 ",2017,Non-rookie,-0.2281383895190876,430,1717.0,Dirk Nowitzki
159,283,2.634309708,Dallas Mavericks,3.001041667,5,Dwight Powell,"$9,003,125.00 ",2017,Non-rookie,-2.923317101936087,68,203939.0,Dwight Powell
160,285,2.634309708,Dallas Mavericks,7.704001333,5,Harrison Barnes,"$23,112,004.00 ",2017,Non-rookie,-2.475128860861277,165,203084.0,Harrison Barnes
161,288,2.634309708,Dallas Mavericks,2.0070583330000002,5,Josh McRoberts,"$6,021,175.00 ",2017,Non-rookie,0.0764277150826291,512,201177.0,Josh McRoberts
162,290,2.634309708,Dallas Mavericks,1.395866333,5,Nerlens Noel,"$4,187,599.00 ",2017,Non-rookie,-2.067481490332857,219,203457.0,Nerlens Noel
163,292,2.634309708,Dallas Mavericks,5.961392,5,Wesley Matthews,"$17,884,176.00 ",2017,Non-rookie,-4.437513315282475,67,202083.0,Wesley Matthews
164,294,1.767519876,New York Knicks,3.915963333,5,Courtney Lee,"$11,747,890.00 ",2017,Non-rookie,-2.4721227912667643,87,201584.0,Courtney Lee
165,297,1.767519876,New York Knicks,6.855600667,5,Enes Kanter,"$20,566,802.00 ",2017,Non-rookie,-2.779447988319083,177,202683.0,Enes Kanter
166,299,1.767519876,New York Knicks,0.776217333,5,Jarrett Jack,"$2,328,652.00 ",2017,Non-rookie,-0.014790556600851048,196,101127.0,Jarrett Jack
167,300,1.767519876,New York Knicks,5.921666667,5,Joakim Noah,"$17,765,000.00 ",2017,Non-rookie,-1.8137970585119743,528,201149.0,Joakim Noah
168,302,1.767519876,New York Knicks,2.218441667,5,Lance Thomas,"$6,655,325.00 ",2017,Non-rookie,-6.1987496893805645,175,202498.0,Lance Thomas
169,304,1.767519876,New York Knicks,0.705651667,5,Michael Beasley,"$2,116,955.00 ",2017,Non-rookie,2.8109840780734245,88,201563.0,Michael Beasley
170,307,1.767519876,New York Knicks,0.776217333,5,Ramon Sessions,"$2,328,652.00 ",2017,Non-rookie,-1.8257830823195884,236,201196.0,Ramon Sessions
171,310,1.628278788,Brooklyn Nets,6.444166667,5,Allen Crabbe,"$19,332,500.00 ",2017,Non-rookie,0.3699115060308032,98,203459.0,Allen Crabbe
172,312,1.628278788,Brooklyn Nets,4.933333333,5,DeMarre Carroll,"$14,800,000.00 ",2017,Non-rookie,0.2295567413025239,184,201960.0,DeMarre Carroll
173,315,1.628278788,Brooklyn Nets,4.0,5,Jeremy Lin,"$12,000,000.00 ",2017,Non-rookie,1.024451966547653,539,202391.0,Jeremy Lin
174,317,1.628278788,Brooklyn Nets,0.569846,5,Quincy Acy,"$1,709,538.00 ",2017,Non-rookie,0.8521564328445947,125,203112.0,Quincy Acy
175,321,1.628278788,Brooklyn Nets,5.093333333,5,Timofey Mozgov,"$15,280,000.00 ",2017,Non-rookie,0.8144020417811086,469,202389.0,Timofey Mozgov
176,322,1.628278788,Brooklyn Nets,3.041666667,5,Trevor Booker,"$9,125,000.00 ",2017,Non-rookie,-1.234559950958551,41,202344.0,Trevor Booker
177,323,1.628278788,Brooklyn Nets,0.569846,5,Tyler Zeller,"$1,709,538.00 ",2017,Non-rookie,2.4991550923382047,458,203092.0,Tyler Zeller
178,325,0.394281214,Orlando Magic,0.776217333,5,Arron Afflalo,"$2,328,652.00 ",2017,Non-rookie,-3.231234592161335,200,201167.0,Arron Afflalo
179,327,0.394281214,Orlando Magic,5.666666667,5,Bismack Biyombo,"$17,000,000.00 ",2017,Non-rookie,-7.137349663711767,500,202687.0,Bismack Biyombo
180,328,0.394281214,Orlando Magic,2.416666667,5,D.J. Augustin,"$7,250,000.00 ",2017,Non-rookie,3.115739704406872,18,201571.0,D.J. Augustin
181,330,0.394281214,Orlando Magic,5.666666667,5,Evan Fournier,"$17,000,000.00 ",2017,Non-rookie,9.961285517457242,154,203095.0,Evan Fournier
182,332,0.394281214,Orlando Magic,2.1,5,Jonathon Simmons,"$6,300,000.00 ",2017,Non-rookie,0.3558479630166289,116,203613.0,Jonathon Simmons
183,335,0.394281214,Orlando Magic,0.705651667,5,Marreese Speights,"$2,116,955.00 ",2017,Non-rookie,4.687855191803805,183,201578.0,Marreese Speights
184,336,0.394281214,Orlando Magic,4.083333333,5,Nikola Vucevic,"$12,250,000.00 ",2017,Non-rookie,-0.8292975895989319,17,202696.0,Nikola Vucevic
185,337,0.394281214,Orlando Magic,2.0,5,Shelvin Mack,"$6,000,000.00 ",2017,Non-rookie,-4.7501459894498685,330,202714.0,Shelvin Mack
186,338,0.394281214,Orlando Magic,3.5,5,Terrence Ross,"$10,500,000.00 ",2017,Non-rookie,3.3210981047954133,278,203082.0,Terrence Ross
187,340,-0.49881092,Memphis Grizzlies,1.733333333,5,Ben McLemore,"$5,200,000.00 ",2017,Non-rookie,-6.647422271729058,141,203463.0,Ben McLemore
188,341,-0.49881092,Memphis Grizzlies,1.9852533330000002,5,Brandan Wright,"$5,955,760.00 ",2017,Non-rookie,2.203205263715994,160,201148.0,Brandan Wright
189,342,-0.49881092,Memphis Grizzlies,7.704001333,5,Chandler Parsons,"$23,112,004.00 ",2017,Non-rookie,-6.191907159723227,488,202718.0,Chandler Parsons
190,346,-0.49881092,Memphis Grizzlies,2.844444333,5,JaMychal Green,"$8,533,333.00 ",2017,Non-rookie,-6.358797668170861,127,203210.0,JaMychal Green
191,348,-0.49881092,Memphis Grizzlies,7.54745,5,Marc Gasol,"$22,642,350.00 ",2017,Non-rookie,6.637620253647922,20,201188.0,Marc Gasol
192,349,-0.49881092,Memphis Grizzlies,0.7021356670000001,5,Mario Chalmers,"$2,106,407.00 ",2017,Non-rookie,1.1738256133731326,128,201596.0,Mario Chalmers
193,350,-0.49881092,Memphis Grizzlies,9.510202667,5,Mike Conley,"$28,530,608.00 ",2017,Non-rookie,6.388901743918754,385,201144.0,Mike Conley
194,351,-0.49881092,Memphis Grizzlies,1.096666667,5,Tyreke Evans,"$3,290,000.00 ",2017,Non-rookie,3.962820159762608,281,201936.0,Tyreke Evans
195,357,-1.257988701,Sacramento Kings,3.1568713330000002,5,Bogdan Bogdanovic,"$9,470,614.00 ",2017,Non-rookie,1.3070919096846456,360,203992.0,Bogdan Bogdanovic
196,360,-1.257988701,Sacramento Kings,2.666666667,5,Garrett Temple,"$8,000,000.00 ",2017,Non-rookie,6.86680342607422,346,202066.0,Garrett Temple
197,361,-1.257988701,Sacramento Kings,6.666666667,5,George Hill,"$20,000,000.00 ",2017,Non-rookie,3.5994860513323,252,201588.0,George Hill
198,364,-1.257988701,Sacramento Kings,2.7976666669999997,5,Kosta Koufos,"$8,393,000.00 ",2017,Non-rookie,-1.9189787468898432,133,201585.0,Kosta Koufos
199,367,-1.257988701,Sacramento Kings,2.666666667,5,Vince Carter,"$8,000,000.00 ",2017,Non-rookie,-3.3692909817286174,10,1713.0,Vince Carter
200,369,-1.257988701,Sacramento Kings,4.102564,5,Zach Randolph,"$12,307,692.00 ",2017,Non-rookie,0.5324802327150895,44,2216.0,Zach Randolph
201,372,-1.5390419690000001,Chicago Bulls,2.6145,5,Cristiano Felicio,"$7,843,500.00 ",2017,Non-rookie,-9.322609186772873,171,1626245.0,Cristiano Felicio
202,375,-1.5390419690000001,Chicago Bulls,5.183333333,5,Dwyane Wade,"$15,550,000.00 ",2017,Non-rookie,0.3954459899062144,292,2548.0,Dwyane Wade
203,385,-1.5390419690000001,Chicago Bulls,4.166666667,5,Nikola Mirotic,"$12,500,000.00 ",2017,Non-rookie,2.37553691378658,104,202703.0,Nikola Mirotic
204,387,-1.5390419690000001,Chicago Bulls,1.284643667,5,Quincy Pondexter,"$3,853,931.00 ",2017,Non-rookie,0.6771641534732233,295,202347.0,Quincy Pondexter
205,390,-1.5390419690000001,Chicago Bulls,4.596166667,5,Robin Lopez,"$13,788,500.00 ",2017,Non-rookie,2.4318579447638955,77,201577.0,Robin Lopez
206,392,-3.470284758,Phoenix Suns,2.0,5,Alan Williams,"$6,000,000.00 ",2017,Non-rookie,-4.630131124137367,253,1626210.0,Alan Williams
207,393,-3.470284758,Phoenix Suns,1.395866333,5,Alex Len,"$4,187,599.00 ",2017,Non-rookie,-4.982462990505828,66,203458.0,Alex Len
208,397,-3.470284758,Phoenix Suns,5.961392,5,Greg Monroe,"$17,884,176.00 ",2017,Non-rookie,-5.894250217215321,426,202328.0,Greg Monroe
209,398,-3.470284758,Phoenix Suns,3.333333333,5,Jared Dudley,"$10,000,000.00 ",2017,Non-rookie,-1.1776929961098834,166,201162.0,Jared Dudley
210,404,-3.470284758,Phoenix Suns,4.333333333,5,Tyson Chandler,"$13,000,000.00 ",2017,Non-rookie,-4.128777381132506,401,2199.0,Tyson Chandler
211,408,11.46367947,Toronto Raptors ,9.246658333,5,DeMar DeRozan,"$27,739,975.00 ",2017,Non-rookie,1.9297289566238118,411,201942.0,DeMar DeRozan
212,411,11.46367947,Toronto Raptors ,5.153558333,5,Jonas Valanciunas,"$15,460,675.00 ",2017,Non-rookie,4.103626476366085,319,202685.0,Jonas Valanciunas
213,412,11.46367947,Toronto Raptors ,9.567901333,5,Kyle Lowry,"$28,703,704.00 ",2017,Non-rookie,6.501359443921109,5,200768.0,Kyle Lowry
214,417,11.46367947,Toronto Raptors ,6.687243,5,Serge Ibaka,"$20,061,729.00 ",2017,Non-rookie,-4.594618479008669,229,201586.0,Serge Ibaka
215,420,6.2379478310000005,Cleveland Cavaliers,2.473637333,5,Channing Frye,"$7,420,912.00 ",2017,Non-rookie,3.707409523572359,334,101112.0,Channing Frye
216,421,6.2379478310000005,Cleveland Cavaliers,0.705651667,5,Derrick Rose,"$2,116,955.00 ",2017,Non-rookie,4.976594840376082,145,201565.0,Derrick Rose
217,424,6.2379478310000005,Cleveland Cavaliers,3.445693,5,Iman Shumpert,"$10,337,079.00 ",2017,Non-rookie,2.140110002200605,275,202697.0,Iman Shumpert
218,425,6.2379478310000005,Cleveland Cavaliers,2.087131667,5,Isaiah Thomas,"$6,261,395.00 ",2017,Non-rookie,5.9654072467340855,322,202738.0,Isaiah Thomas
219,426,6.2379478310000005,Cleveland Cavaliers,2.265372333,5,Jae Crowder,"$6,796,117.00 ",2017,Non-rookie,1.2675722189311285,106,203109.0,Jae Crowder
220,427,6.2379478310000005,Cleveland Cavaliers,0.705651667,5,Jeff Green,"$2,116,955.00 ",2017,Non-rookie,-0.8403842984772343,257,201145.0,Jeff Green
221,428,6.2379478310000005,Cleveland Cavaliers,0.776217333,5,Jose Calderon,"$2,328,652.00 ",2017,Non-rookie,1.9543013688773097,490,101181.0,Jose Calderon
222,429,6.2379478310000005,Cleveland Cavaliers,7.54745,5,Kevin Love,"$22,642,350.00 ",2017,Non-rookie,2.7850640538632945,259,201567.0,Kevin Love
223,430,6.2379478310000005,Cleveland Cavaliers,2.333333333,5,Kyle Korver,"$7,000,000.00 ",2017,Non-rookie,7.65904170356862,108,2594.0,Kyle Korver
224,431,6.2379478310000005,Cleveland Cavaliers,11.09523633,5,LeBron James,"$33,285,709.00 ",2017,Non-rookie,1.1566234377975784,107,2544.0,LeBron James
225,432,6.2379478310000005,Cleveland Cavaliers,5.466666667,5,Tristan Thompson,"$16,400,000.00 ",2017,Non-rookie,1.1542598426830972,425,202684.0,Tristan Thompson
226,435,0.0,Atlanta Hawks,5.166666667,5,Dennis Schroder,"$15,500,000.00 ",2017,Non-rookie,0.8691367753141651,224,203471.0,Dennis Schroder
227,436,0.0,Atlanta Hawks,2.0,5,Dewayne Dedmon,"$6,000,000.00 ",2017,Non-rookie,6.452420674988883,364,203473.0,Dewayne Dedmon
228,437,0.0,Atlanta Hawks,2.0,5,Ersan Ilyasova,"$6,000,000.00 ",2017,Non-rookie,3.0217363535313098,396,101141.0,Ersan Ilyasova
229,441,0.0,Atlanta Hawks,0.016666667,5,Jeremy Evans,"$50,000.00 ",2017,Non-rookie,-0.2103782427726835,382,202379.0,Jeremy Evans
230,443,0.0,Atlanta Hawks,5.636704333,5,Kent Bazemore,"$16,910,113.00 ",2017,Non-rookie,-2.334111244827197,61,203145.0,Kent Bazemore
231,444,0.0,Atlanta Hawks,0.658053,5,Luke Babbitt,"$1,974,159.00 ",2017,Non-rookie,0.8116810844997708,148,202337.0,Luke Babbitt
232,446,0.0,Atlanta Hawks,2.20202,5,Marco Belinelli,"$6,606,060.00 ",2017,Non-rookie,0.575607053808957,94,201158.0,Marco Belinelli
233,448,0.0,Atlanta Hawks,4.166666667,5,Miles Plumlee,"$12,500,000.00 ",2017,Non-rookie,3.4825432315929503,447,203101.0,Miles Plumlee
234,452,0.0,Atlanta Hawks,0.833333333,5,Richard Jefferson,"$2,500,000.00 ",2017,Non-rookie,-5.692330419639841,34,2210.0,Richard Jefferson
