,Unnamed: 0,rating,Team,mu,sd,name,coefs,index,player_id,player_name
0,0,13.21905832,Houston Rockets,8.199831667,5,Chris Paul,3.5191296031886248,358,101108.0,Chris Paul
1,1,13.21905832,Houston Rockets,0.778173333,5,Clint Capela,-0.8883889047824785,432,203991.0,Clint Capela
2,2,13.21905832,Houston Rockets,4.3143400000000005,5,Eric Gordon,4.910092215052302,75,201569.0,Eric Gordon
3,3,13.21905832,Houston Rockets,0.066666667,5,Isaiah Canaan,-6.2090095748277685,433,203477.0,Isaiah Canaan
4,4,13.21905832,Houston Rockets,9.433133,5,James Harden,8.733328601134964,207,201935.0,James Harden
5,5,13.21905832,Houston Rockets,0.705651667,5,Luc Mbah a Moute,-5.932944315389644,209,201601.0,Luc Mbah a Moute
6,6,13.21905832,Houston Rockets,6.526151667000001,5,Ryan Anderson,-1.8164928789251995,236,201583.0,Ryan Anderson
7,7,13.21905832,Houston Rockets,2.473637333,5,Trevor Ariza,-3.0925580211368606,359,2772.0,Trevor Ariza
8,8,13.21905832,Houston Rockets,0.490460667,5,Troy Williams,-1.4966916301187885,237,1627786.0,Troy Williams
9,9,13.21905832,Houston Rockets,0.271871667,5,Zhou Qi,-0.4358684557200474,370,1627753.0,Zhou Qi
10,10,12.68894695,Golden State Warriors,4.9382716669999995,5,Andre Iguodala,-1.3748539996696931,102,2738.0,Andre Iguodala
11,11,12.68894695,Golden State Warriors,0.437537,5,Damian Jones,2.292446990140042,202,1627745.0,Damian Jones
12,12,12.68894695,Golden State Warriors,5.466666667,5,Draymond Green,2.5345826662565405,20,203110.0,Draymond Green
13,13,12.68894695,Golden State Warriors,0.705651667,5,JaVale McGee,3.4576135282254263,88,201580.0,JaVale McGee
14,14,12.68894695,Golden State Warriors,0.271871667,5,Jordan Bell,0.7457234792248393,22,1628395.0,Jordan Bell
15,15,12.68894695,Golden State Warriors,8.333333332999999,5,Kevin Durant,1.8048964109021428,403,201142.0,Kevin Durant
16,16,12.68894695,Golden State Warriors,0.490460667,5,Kevon Looney,3.8752770201846087,500,1626172.0,Kevon Looney
17,17,12.68894695,Golden State Warriors,5.94205,5,Klay Thompson,1.7780562117260974,80,202691.0,Klay Thompson
18,18,12.68894695,Golden State Warriors,1.730666667,5,Nick Young,-2.6905052790979203,276,201156.0,Nick Young
19,19,12.68894695,Golden State Warriors,0.702156667,5,Omri Casspi,2.582217173233716,218,201956.0,Omri Casspi
20,20,12.68894695,Golden State Warriors,0.437537,5,Patrick McCaw,-2.049389372420271,286,1627775.0,Patrick McCaw
21,21,12.68894695,Golden State Warriors,2.564102667,5,Shaun Livingston,-2.375547959756088,103,2733.0,Shaun Livingston
22,22,12.68894695,Golden State Warriors,11.56085,5,Stephen Curry,10.225219603951404,317,201939.0,Stephen Curry
23,23,12.68894695,Golden State Warriors,1.1592,5,Zaza Pachulia,-1.7171015965184957,292,2585.0,Zaza Pachulia
24,24,9.70057401,Philadelphia 76ers,3.666666667,5,Amir Johnson,-3.053483882155767,9,101161.0,Amir Johnson
25,25,9.70057401,Philadelphia 76ers,2.05628,5,Ben Simmons,-1.9432079982081647,381,1627732.0,Ben Simmons
26,26,9.70057401,Philadelphia 76ers,0.80752,5,Dario Saric,3.551428647868008,494,203967.0,Dario Saric
27,27,9.70057401,Philadelphia 76ers,0.48863999999999996,5,Furkan Korkmaz,1.5519034349394336,214,1627788.0,Furkan Korkmaz
28,28,9.70057401,Philadelphia 76ers,1.66504,5,Jahlil Okafor,-1.6656335284878727,497,1626143.0,Jahlil Okafor
29,29,9.70057401,Philadelphia 76ers,3.0,5,Jerryd Bayless,1.4380480693063449,153,201573.0,Jerryd Bayless
30,30,9.70057401,Philadelphia 76ers,2.0334220000000003,5,Joel Embiid,7.296083400172866,190,203954.0,Joel Embiid
31,31,9.70057401,Philadelphia 76ers,0.5264800000000001,5,Justin Anderson,-0.5440619665475412,179,1626147.0,Justin Anderson
32,32,9.70057401,Philadelphia 76ers,2.3420799999999997,5,Markelle Fultz,-4.950907149562292,213,1628365.0,Markelle Fultz
33,33,9.70057401,Philadelphia 76ers,1.269048667,5,Nik Stauskas,-5.223402555908688,107,203917.0,Nik Stauskas
34,34,9.70057401,Philadelphia 76ers,0.490460667,5,Richaun Holmes,-0.5000374234336844,48,1626158.0,Richaun Holmes
35,35,9.70057401,Philadelphia 76ers,5.566034332999999,5,Robert Covington,6.690148913669384,212,203496.0,Robert Covington
36,36,9.70057401,Philadelphia 76ers,0.490460667,5,T.J. McConnell,-12.603930603955217,11,204456.0,T.J. McConnell
37,37,9.70057401,Philadelphia 76ers,0.4622,5,Timothe Luwawu-Cabarrot,-1.7046181259882047,306,1627789.0,Timothe Luwawu-Cabarrot
38,38,9.675652863,Utah Jazz,3.615168667,5,Alec Burks,0.7697870925737469,53,202692.0,Alec Burks
39,39,9.675652863,Utah Jazz,1.664128333,5,Dante Exum,-0.7693699254657069,379,203957.0,Dante Exum
40,40,9.675652863,Utah Jazz,4.0,5,Derrick Favors,-4.817264056665343,280,202324.0,Derrick Favors
41,41,9.675652863,Utah Jazz,0.87376,5,Donovan Mitchell,1.8482388425914151,459,1628378.0,Donovan Mitchell
42,42,9.675652863,Utah Jazz,1.066666667,5,Ekpe Udoh,0.7649465023817594,421,202327.0,Ekpe Udoh
43,43,9.675652863,Utah Jazz,4.712121333,5,Joe Ingles,3.6944529381998237,503,204060.0,Joe Ingles
44,44,9.675652863,Utah Jazz,1.333333333,5,Jonas Jerebko,3.8471456969827433,411,201973.0,Jonas Jerebko
45,45,9.675652863,Utah Jazz,0.490460667,5,Raul Neto,5.165582471939358,169,203526.0,Raul Neto
46,46,9.675652863,Utah Jazz,4.758333333,5,Ricky Rubio,7.459913795862793,170,201937.0,Ricky Rubio
47,47,9.675652863,Utah Jazz,0.7956213329999999,5,Rodney Hood,-0.33480259179126914,227,203918.0,Rodney Hood
48,48,9.675652863,Utah Jazz,7.3249063329999995,5,Rudy Gobert,2.2661937520972355,112,203497.0,Rudy Gobert
49,49,9.675652863,Utah Jazz,1.75,5,Thabo Sefolosha,0.3311449527337178,337,200757.0,Thabo Sefolosha
50,50,9.675652863,Utah Jazz,0.47163999999999995,5,Tony Bradley,-1.3631624547954304,444,1628396.0,Tony Bradley
51,51,8.526489449,Oklahoma City Thunder,1.908333333,5,Alex Abrines,-5.679993164464122,245,203518.0,Alex Abrines
52,52,8.526489449,Oklahoma City Thunder,8.74792,5,Carmelo Anthony,-4.934011685798033,357,2546.0,Carmelo Anthony
53,53,8.526489449,Oklahoma City Thunder,0.508101667,5,Jerami Grant,-0.9450130976648694,340,203924.0,Jerami Grant
54,54,8.526489449,Oklahoma City Thunder,1.730666667,5,Patrick Patterson,1.8735378651453591,508,202335.0,Patrick Patterson
55,55,8.526489449,Oklahoma City Thunder,6.502986,5,Paul George,5.849547638144053,425,202331.0,Paul George
56,56,8.526489449,Oklahoma City Thunder,0.776217333,5,Raymond Felton,1.9817861206698884,373,101109.0,Raymond Felton
57,57,8.526489449,Oklahoma City Thunder,9.510202667,5,Russell Westbrook,4.330412351000939,244,201566.0,Russell Westbrook
58,58,8.526489449,Oklahoma City Thunder,7.490636667,5,Steven Adams,3.913315172976895,129,203500.0,Steven Adams
59,59,8.526489449,Oklahoma City Thunder,0.595,5,Terrance Ferguson,-5.464709539906653,127,1628390.0,Terrance Ferguson
60,60,8.267971906,Boston Celtics,0.38911100000000004,5,Abdel Nader,-11.45031602249238,130,1627846.0,Abdel Nader
61,61,8.267971906,Boston Celtics,9.244801667,5,Al Horford,6.318148290815317,321,201143.0,Al Horford
62,62,8.267971906,Boston Celtics,1.442666667,5,Aron Baynes,-2.359759861049003,178,203382.0,Aron Baynes
63,63,8.267971906,Boston Celtics,0.271871667,5,Daniel Theis,1.5081585658113317,141,1628464.0,Daniel Theis
64,64,8.267971906,Boston Celtics,0.030952667000000003,5,Demetrius Jackson,-1.072410204638263,516,1627743.0,Demetrius Jackson
65,65,8.267971906,Boston Celtics,9.9093,5,Gordon Hayward,6.974004242155407,462,202330.0,Gordon Hayward
66,66,8.267971906,Boston Celtics,0.74916,5,Guerschon Yabusele,-3.11533607769881,181,1627824.0,Guerschon Yabusele
67,67,8.267971906,Boston Celtics,1.6521599999999999,5,Jaylen Brown,-8.338793159569269,2,1627759.0,Jaylen Brown
68,68,8.267971906,Boston Celtics,1.8818,5,Jayson Tatum,3.7903311791031684,1,1628369.0,Jayson Tatum
69,69,8.267971906,Boston Celtics,6.289541667000001,5,Kyrie Irving,7.474955923723519,405,202681.0,Kyrie Irving
70,70,8.267971906,Boston Celtics,1.6666666669999999,5,Marcus Morris,-4.003746685355596,0,202694.0,Marcus Morris
71,71,8.267971906,Boston Celtics,1.5126733330000002,5,Marcus Smart,-2.526955304766389,492,203935.0,Marcus Smart
72,72,8.267971906,Boston Celtics,0.430630667,5,Semi Ojeleye,0.8086173675889605,182,1628400.0,Semi Ojeleye
73,73,8.267971906,Boston Celtics,0.66284,5,Terry Rozier,-2.2560515963868286,3,1626179.0,Terry Rozier
74,74,8.012503387999999,San Antonio Spurs,0.437537,5,Bryn Forbes,-0.8700619084921861,242,1627854.0,Bryn Forbes
75,75,8.012503387999999,San Antonio Spurs,3.333333333,5,Danny Green,10.072218588164963,465,201980.0,Danny Green
76,76,8.012503387999999,San Antonio Spurs,0.437537,5,Davis Bertans,2.200353808056533,98,202722.0,Davis Bertans
77,77,8.012503387999999,San Antonio Spurs,0.4682,5,Derrick White,4.975830907637854,423,1628401.0,Derrick White
78,78,8.012503387999999,San Antonio Spurs,6.289541667000001,5,Kawhi Leonard,-0.9234295527933584,183,202695.0,Kawhi Leonard
79,79,8.012503387999999,San Antonio Spurs,0.717234667,5,Kyle Anderson,-2.0692051345870954,216,203937.0,Kyle Anderson
80,80,8.012503387999999,San Antonio Spurs,7.15367,5,LaMarcus Aldridge,-1.8646021108869368,100,200746.0,LaMarcus Aldridge
81,81,8.012503387999999,San Antonio Spurs,3.5714286669999997,5,Patty Mills,7.754965940030887,101,201988.0,Patty Mills
82,82,8.012503387999999,San Antonio Spurs,5.333333333,5,Pau Gasol,0.06589761721092913,498,2200.0,Pau Gasol
83,83,8.012503387999999,San Antonio Spurs,2.802,5,Rudy Gay,3.7030525925797937,388,200752.0,Rudy Gay
84,84,8.012503387999999,San Antonio Spurs,5.1510419999999995,5,Tony Parker,6.373525311167303,253,2225.0,Tony Parker
85,85,7.507833506,Minnesota Timberwolves,2.5247740000000003,5,Andrew Wiggins,3.0763737561061726,352,203952.0,Andrew Wiggins
86,86,7.507833506,Minnesota Timberwolves,4.70412,5,Gorgui Dieng,-4.264043837228747,351,203476.0,Gorgui Dieng
87,87,7.507833506,Minnesota Timberwolves,3.647587333,5,Jamal Crawford,-3.567059171483975,374,2037.0,Jamal Crawford
88,88,7.507833506,Minnesota Timberwolves,6.333333333,5,Jeff Teague,1.6543689579648202,17,201952.0,Jeff Teague
89,89,7.507833506,Minnesota Timberwolves,6.43369,5,Jimmy Butler,1.8378962633169,451,202710.0,Jimmy Butler
90,90,7.507833506,Minnesota Timberwolves,0.74916,5,Justin Patton,-0.2724656455986658,493,1628383.0,Justin Patton
91,91,7.507833506,Minnesota Timberwolves,2.07228,5,Karl-Anthony Towns,1.0116205376754728,249,1626157.0,Karl-Anthony Towns
92,92,7.507833506,Minnesota Timberwolves,1.316666333,5,Nemanja Bjelica,-1.4193818544652554,327,202357.0,Nemanja Bjelica
93,93,7.507833506,Minnesota Timberwolves,4.666666667,5,Taj Gibson,-3.9137963509788736,248,201959.0,Taj Gibson
94,94,7.507833506,Minnesota Timberwolves,0.490460667,5,Tyus Jones,-1.9318777424184697,18,1626145.0,Tyus Jones
95,95,7.476474607,Portland Trail Blazers,2.4396783330000003,5,Al-Farouq Aminu,0.7870854256853015,400,202329.0,Al-Farouq Aminu
96,96,7.476474607,Portland Trail Blazers,0.48863999999999996,5,Caleb Swanigan,-1.1319277431599293,372,1628403.0,Caleb Swanigan
97,97,7.476474607,Portland Trail Blazers,8.717685667000001,5,Damian Lillard,4.816413475969035,63,203081.0,Damian Lillard
98,98,7.476474607,Portland Trail Blazers,2.1175103330000002,5,Ed Davis,3.253921946113788,496,202334.0,Ed Davis
99,99,7.476474607,Portland Trail Blazers,5.710382667,5,Evan Turner,-2.8522289799585527,187,202323.0,Evan Turner
100,100,7.476474607,Portland Trail Blazers,0.437537,5,Jake Layman,-3.6225219989279513,499,1627774.0,Jake Layman
101,101,7.476474607,Portland Trail Blazers,0.9824350000000001,5,Jusuf Nurkic,5.081778844498289,301,203994.0,Jusuf Nurkic
102,102,7.476474607,Portland Trail Blazers,3.387640667,5,Maurice Harkless,0.1945667610282662,325,203090.0,Maurice Harkless
103,103,7.476474607,Portland Trail Blazers,3.301498333,5,Meyers Leonard,-1.2034236780971472,201,203086.0,Meyers Leonard
104,104,7.476474607,Portland Trail Blazers,1.168411,5,Noah Vonleh,5.366275202565418,223,203943.0,Noah Vonleh
105,105,7.476474607,Portland Trail Blazers,0.490460667,5,Pat Connaughton,0.3155318115378947,199,1626192.0,Pat Connaughton
106,106,7.476474607,Portland Trail Blazers,0.7871199999999999,5,Shabazz Napier,-0.9890098477185114,446,203894.0,Shabazz Napier
107,107,7.476474607,Portland Trail Blazers,1.01908,5,Zach Collins,0.44896572169496973,458,1628380.0,Zach Collins
108,108,7.100591941,New Orleans Pelicans,7.925168667,5,Anthony Davis,6.347052675933948,42,203076.0,Anthony Davis
109,109,7.100591941,New Orleans Pelicans,0.437537,5,Cheick Diallo,3.2213490409891627,303,1627767.0,Cheick Diallo
110,110,7.100591941,New Orleans Pelicans,0.7666666670000001,5,Dante Cunningham,-2.834432961459308,369,201967.0,Dante Cunningham
111,111,7.100591941,New Orleans Pelicans,0.7,5,Darius Miller,-2.1021951963158942,78,203121.0,Darius Miller
112,112,7.100591941,New Orleans Pelicans,6.0212833329999995,5,DeMarcus Cousins,-7.200406075827871,402,202326.0,DeMarcus Cousins
113,113,7.100591941,New Orleans Pelicans,0.271871667,5,Frank Jackson,-2.5037381916023573,240,1628402.0,Frank Jackson
114,114,7.100591941,New Orleans Pelicans,0.525743333,5,Ian Clark,-2.277892211483516,336,203546.0,Ian Clark
115,115,7.100591941,New Orleans Pelicans,8.562222333,5,Jrue Holiday,7.319063972280928,454,201950.0,Jrue Holiday
116,116,7.100591941,New Orleans Pelicans,0.033333333,5,Quinn Cook,-4.242515463100474,254,1626188.0,Quinn Cook
117,117,7.100591941,New Orleans Pelicans,1.1,5,Rajon Rondo,-3.268296284003433,168,200765.0,Rajon Rondo
118,118,7.100591941,New Orleans Pelicans,4.078844999999999,5,Solomon Hill,-3.5987015355445915,79,203524.0,Solomon Hill
119,119,6.91526888,Indiana Pacers,3.5,5,Bojan Bogdanovic,7.649000290245366,264,202711.0,Bojan Bogdanovic
120,120,6.91526888,Indiana Pacers,2.543333333,5,Cory Joseph,-0.8736986561506015,119,202709.0,Cory Joseph
121,121,6.91526888,Indiana Pacers,3.333333333,5,Darren Collison,-0.2859951410529904,121,201954.0,Darren Collison
122,122,6.91526888,Indiana Pacers,0.85,5,Domantas Sabonis,0.125431145561679,377,1627734.0,Domantas Sabonis
123,123,6.91526888,Indiana Pacers,0.033333333,5,Georges Niang,-11.382836196995342,137,1627777.0,Georges Niang
124,124,6.91526888,Indiana Pacers,0.316666667,5,Ike Anigbogu,-0.023720094669666018,268,1628387.0,Ike Anigbogu
125,125,6.91526888,Indiana Pacers,1.3933333330000002,5,Lance Stephenson,-0.29424464384906823,363,202362.0,Lance Stephenson
126,126,6.91526888,Indiana Pacers,0.85664,5,Myles Turner,-2.499233656782861,331,1626167.0,Myles Turner
127,127,6.91526888,Indiana Pacers,4.932116000000001,5,Thaddeus Young,0.21416959335290464,117,201152.0,Thaddeus Young
128,128,6.91526888,Indiana Pacers,7.0,5,Victor Oladipo,6.715519617693054,203,203506.0,Victor Oladipo
129,129,6.899803629,Denver Nuggets,1.12716,5,Emmanuel Mudiay,2.3229216594294915,87,1626144.0,Emmanuel Mudiay
130,130,6.899803629,Denver Nuggets,0.850018333,5,Gary Harris,1.5251943891693784,251,203914.0,Gary Harris
131,131,6.899803629,Denver Nuggets,1.1184399999999999,5,Jamal Murray,5.935951734305997,124,1627750.0,Jamal Murray
132,132,6.899803629,Denver Nuggets,4.307116000000001,5,Kenneth Faried,1.65501348235566,393,202702.0,Kenneth Faried
133,133,6.899803629,Denver Nuggets,0.56688,5,Malik Beasley,-5.3750583314822045,285,1627736.0,Malik Beasley
134,134,6.899803629,Denver Nuggets,4.680365333,5,Mason Plumlee,-1.6778443407737458,460,203486.0,Mason Plumlee
135,135,6.899803629,Denver Nuggets,0.490460667,5,Nikola Jokic,3.9690391564383147,505,203999.0,Nikola Jokic
136,136,6.899803629,Denver Nuggets,10.423077000000001,5,Paul Millsap,6.290998011153115,252,200794.0,Paul Millsap
137,137,6.899803629,Denver Nuggets,0.8138,5,Trey Lyles,0.03427773664696332,445,1626168.0,Trey Lyles
138,138,6.899803629,Denver Nuggets,0.5264800000000001,5,Tyler Lydon,-3.2872778093627097,304,1628399.0,Tyler Lydon
139,139,6.899803629,Denver Nuggets,1.177777667,5,Will Barton,-4.092775517332983,290,203115.0,Will Barton
140,140,6.899803629,Denver Nuggets,4.005618,5,Wilson Chandler,0.9952377655970128,116,201163.0,Wilson Chandler
141,141,6.065728513,Washington Wizards,7.925168667,5,Bradley Beal,8.51877808096209,30,203078.0,Bradley Beal
142,142,6.065728513,Washington Wizards,5.5538803329999995,5,Ian Mahinmi,-0.7422769958427775,360,101133.0,Ian Mahinmi
143,143,6.065728513,Washington Wizards,1.7416666669999998,5,Jason Smith,-1.2341499994904457,140,201160.0,Jason Smith
144,144,6.065728513,Washington Wizards,1.096666667,5,Jodie Meeks,1.6536818567344775,471,201975.0,Jodie Meeks
145,145,6.065728513,Washington Wizards,6.0212833329999995,5,John Wall,-1.048476963402674,434,202322.0,John Wall
146,146,6.065728513,Washington Wizards,4.260869667,5,Marcin Gortat,-0.6237314531379705,263,101162.0,Marcin Gortat
147,147,6.065728513,Washington Wizards,2.666666667,5,Markieff Morris,-3.1149563751148652,144,202693.0,Markieff Morris
148,148,6.065728513,Washington Wizards,0.569846,5,Mike Scott,-4.32930704060902,93,203118.0,Mike Scott
149,149,6.065728513,Washington Wizards,0.666666667,5,Tim Frazier,-3.2371663104979937,382,204025.0,Tim Frazier
150,150,6.065728513,Washington Wizards,1.0,5,Tomas Satoransky,4.2135129716263835,29,203107.0,Tomas Satoransky
151,151,5.4842278989999995,Los Angeles Clippers,3.941666667,5,Austin Rivers,1.1076801648689374,131,203085.0,Austin Rivers
152,152,5.4842278989999995,Los Angeles Clippers,9.837633333,5,Blake Griffin,4.529567932422534,291,201933.0,Blake Griffin
153,153,5.4842278989999995,Los Angeles Clippers,6.853199667,5,Danilo Gallinari,4.2261327389450765,81,201568.0,Danilo Gallinari
154,154,5.4842278989999995,Los Angeles Clippers,7.54745,5,DeAndre Jordan,1.2869888511047771,502,201599.0,DeAndre Jordan
155,155,5.4842278989999995,Los Angeles Clippers,0.271871667,5,Jawun Evans,-1.1140034392011298,274,1628393.0,Jawun Evans
156,156,5.4842278989999995,Los Angeles Clippers,2.333333333,5,Lou Williams,5.145053176273885,313,101150.0,Lou Williams
157,157,5.4842278989999995,Los Angeles Clippers,2.0,5,Milos Teodosic,0.4855629410600742,441,1628462.0,Milos Teodosic
158,158,5.4842278989999995,Los Angeles Clippers,0.490460667,5,Montrezl Harrell,-3.6270436476267762,82,1626149.0,Montrezl Harrell
159,159,5.4842278989999995,Los Angeles Clippers,1.837838,5,Patrick Beverley,1.066915944428497,457,201976.0,Patrick Beverley
160,160,5.4842278989999995,Los Angeles Clippers,0.5982,5,Sam Dekker,-2.367740745631114,150,1626155.0,Sam Dekker
161,161,5.4842278989999995,Los Angeles Clippers,0.271871667,5,Sindarius Thornwell,-5.544798958220595,501,1628414.0,Sindarius Thornwell
162,162,5.4842278989999995,Los Angeles Clippers,1.96042,5,Wesley Johnson,-8.479186156114878,367,202325.0,Wesley Johnson
163,163,5.37038963,Charlotte Hornets,4.194756667,5,Cody Zeller,1.133560475237427,68,203469.0,Cody Zeller
164,164,5.37038963,Charlotte Hornets,0.271871667,5,Dwayne Bacon,3.7833439953010366,408,1628407.0,Dwayne Bacon
165,165,5.37038963,Charlotte Hornets,7.833333333,5,Dwight Howard,-3.48160001514782,261,2730.0,Dwight Howard
166,166,5.37038963,Charlotte Hornets,0.9492,5,Frank Kaminsky,-0.1370833146902415,311,1626163.0,Frank Kaminsky
167,167,5.37038963,Charlotte Hornets,2.333333333,5,Jeremy Lamb,7.076024689976998,67,203087.0,Jeremy Lamb
168,168,5.37038963,Charlotte Hornets,4.0,5,Kemba Walker,-1.005335825295823,23,202689.0,Kemba Walker
169,169,5.37038963,Charlotte Hornets,0.96816,5,Malik Monk,4.568035406012523,160,1628370.0,Malik Monk
170,170,5.37038963,Charlotte Hornets,4.389583333,5,Marvin Williams,0.8180357591803631,326,101107.0,Marvin Williams
171,171,5.37038963,Charlotte Hornets,0.9,5,Michael Carter-Williams,-4.0642989931585305,510,203487.0,Michael Carter-Williams
172,172,5.37038963,Charlotte Hornets,4.333333333,5,Michael Kidd-Gilchrist,3.700091207722284,66,203077.0,Michael Kidd-Gilchrist
173,173,5.37038963,Charlotte Hornets,7.478261,5,Nicolas Batum,1.2834757609881808,383,201587.0,Nicolas Batum
174,174,5.37038963,Charlotte Hornets,0.437537,5,Treveon Graham,4.529242345632126,474,1626203.0,Treveon Graham
175,175,5.1297563230000005,Miami Heat,0.8301200000000001,5,Bam Adebayo,0.2302879608836079,72,1628389.0,Bam Adebayo
176,176,5.1297563230000005,Miami Heat,3.666666667,5,Dion Waiters,-1.1470937473192944,92,203079.0,Dion Waiters
177,177,5.1297563230000005,Miami Heat,5.666816667000001,5,Goran Dragic,5.957463583833392,73,201609.0,Goran Dragic
178,178,5.1297563230000005,Miami Heat,7.925168667,5,Hassan Whiteside,2.2630182055214383,234,202355.0,Hassan Whiteside
179,179,5.1297563230000005,Miami Heat,4.651333333,5,James Johnson,-6.849357084649254,509,201949.0,James Johnson
180,180,5.1297563230000005,Miami Heat,0.490460667,5,Josh Richardson,3.3095784941621997,366,1626196.0,Josh Richardson
181,181,5.1297563230000005,Miami Heat,0.9016799999999999,5,Justise Winslow,-1.2572484600649183,139,1626159.0,Justise Winslow
182,182,5.1297563230000005,Miami Heat,3.5357230000000004,5,Kelly Olynyk,5.232157328093659,470,203482.0,Kelly Olynyk
183,183,5.1297563230000005,Miami Heat,0.437537,5,Okaro White,-0.4017438759870665,487,1627855.0,Okaro White
184,184,5.1297563230000005,Miami Heat,0.437537,5,Rodney McGruder,-4.210778383264262,74,203585.0,Rodney McGruder
185,185,5.1297563230000005,Miami Heat,1.96042,5,Tyler Johnson,-1.2112060451135016,279,204020.0,Tyler Johnson
186,186,5.1297563230000005,Miami Heat,0.776217333,5,Udonis Haslem,-1.2698234242879354,478,2617.0,Udonis Haslem
187,187,5.1297563230000005,Miami Heat,2.09,5,Wayne Ellington,-4.917338243327498,25,201961.0,Wayne Ellington
188,188,5.107920036,Milwaukee Bucks,0.71168,5,D.J. Wilson,1.706562283313913,62,1628391.0,D.J. Wilson
189,189,5.107920036,Milwaukee Bucks,4.833333333,5,Eric Bledsoe,0.9766434467508986,58,202339.0,Eric Bledsoe
190,190,5.107920036,Milwaukee Bucks,7.490636667,5,Giannis Antetokounmpo,9.399328198774203,386,203507.0,Giannis Antetokounmpo
191,191,5.107920036,Milwaukee Bucks,2.260797333,5,Jabari Parker,2.091840639228832,294,203953.0,Jabari Parker
192,192,5.107920036,Milwaukee Bucks,3.8075120000000005,5,John Henson,2.6687633755336133,220,203089.0,John Henson
193,193,5.107920036,Milwaukee Bucks,4.7,5,Khris Middleton,6.05594520530246,60,203114.0,Khris Middleton
194,194,5.107920036,Milwaukee Bucks,0.437537,5,Malcolm Brogdon,-5.744191274347023,361,1627763.0,Malcolm Brogdon
195,195,5.107920036,Milwaukee Bucks,3.2025,5,Matthew Dellavedova,2.0937759972443777,221,203521.0,Matthew Dellavedova
196,196,5.107920036,Milwaukee Bucks,0.271871667,5,Sterling Brown,-4.755867566979111,159,1628425.0,Sterling Brown
197,197,5.107920036,Milwaukee Bucks,0.8947200000000001,5,Thon Maker,3.495255164873255,26,1627748.0,Thon Maker
198,198,5.107920036,Milwaukee Bucks,3.273809667,5,Tony Snell,-1.4320899415217987,61,203503.0,Tony Snell
199,199,5.049265225,Detroit Pistons,7.925168667,5,Andre Drummond,7.813129663018378,28,203083.0,Andre Drummond
200,200,5.049265225,Detroit Pistons,1.096666667,5,Anthony Tolliver,5.094657324232083,195,201229.0,Anthony Tolliver
201,201,5.049265225,Detroit Pistons,2.936329667,5,Avery Bradley,-2.065530694146056,15,202340.0,Avery Bradley
202,202,5.049265225,Detroit Pistons,2.333333333,5,Boban Marjanovic,1.784115151748284,122,1626246.0,Boban Marjanovic
203,203,5.049265225,Detroit Pistons,0.579777667,5,Eric Moreland,-1.8204942798809975,463,203961.0,Eric Moreland
204,204,5.049265225,Detroit Pistons,0.5936,5,Henry Ellenson,2.1635378417962423,467,1627740.0,Henry Ellenson
205,205,5.049265225,Detroit Pistons,2.0,5,Ish Smith,-2.4511268131256365,239,202397.0,Ish Smith
206,206,5.049265225,Detroit Pistons,3.4991063330000003,5,Jon Leuer,-2.1839981840194644,91,202720.0,Jon Leuer
207,207,5.049265225,Detroit Pistons,2.222222333,5,Langston Galloway,-0.9636252703425184,27,204038.0,Langston Galloway
208,208,5.049265225,Detroit Pistons,0.91976,5,Luke Kennard,-1.3031975325838014,438,1628379.0,Luke Kennard
209,209,5.049265225,Detroit Pistons,0.833333333,5,Reggie Bullock,1.9263765082872708,55,203493.0,Reggie Bullock
210,210,5.049265225,Detroit Pistons,5.333333333,5,Reggie Jackson,-1.931728115600233,355,202704.0,Reggie Jackson
211,211,5.049265225,Detroit Pistons,1.0326,5,Stanley Johnson,-1.1032171714873158,334,1626169.0,Stanley Johnson
212,212,5.049265225,Detroit Pistons,5.333333333,5,Tobias Harris,7.263382614544907,10,202699.0,Tobias Harris
213,213,3.9005986360000002,Los Angeles Lakers,0.776217333,5,Andrew Bogut,-5.905679968199477,416,101106.0,Andrew Bogut
214,214,3.9005986360000002,Los Angeles Lakers,1.8398,5,Brandon Ingram,1.4265506029017558,514,1627742.0,Brandon Ingram
215,215,3.9005986360000002,Los Angeles Lakers,7.54745,5,Brook Lopez,8.424188035691323,59,201572.0,Brook Lopez
216,216,3.9005986360000002,Los Angeles Lakers,2.526455333,5,Corey Brewer,1.1725019244510646,455,201147.0,Corey Brewer
217,217,3.9005986360000002,Los Angeles Lakers,0.437537,5,Ivica Zubac,-6.193028064194381,188,1627826.0,Ivica Zubac
218,218,3.9005986360000002,Los Angeles Lakers,3.854166667,5,Jordan Clarkson,-0.045433714214626164,105,203903.0,Jordan Clarkson
219,219,3.9005986360000002,Los Angeles Lakers,0.46484,5,Josh Hart,5.108676028327951,260,1628404.0,Josh Hart
220,220,3.9005986360000002,Los Angeles Lakers,1.383080667,5,Julius Randle,1.2151251813652055,43,203944.0,Julius Randle
221,221,3.9005986360000002,Los Angeles Lakers,5.915298,5,Kentavious Caldwell-Pope,-4.846215287100836,437,203484.0,Kentavious Caldwell-Pope
222,222,3.9005986360000002,Los Angeles Lakers,0.47452,5,Kyle Kuzma,1.232262828585176,167,1628398.0,Kyle Kuzma
223,223,3.9005986360000002,Los Angeles Lakers,2.09552,5,Lonzo Ball,-5.538666698323915,226,1628366.0,Lonzo Ball
224,224,3.9005986360000002,Los Angeles Lakers,5.73,5,Luol Deng,0.4143038432470302,298,2736.0,Luol Deng
225,225,3.9005986360000002,Los Angeles Lakers,0.271871667,5,Thomas Bryant,-0.8238568666282369,31,1628418.0,Thomas Bryant
226,226,2.634309708,Dallas Mavericks,1.4675153330000001,5,Devin Harris,-3.482690377149793,143,2734.0,Devin Harris
227,227,2.634309708,Dallas Mavericks,1.6666666669999999,5,Dirk Nowitzki,-5.1707351242780755,426,1717.0,Dirk Nowitzki
228,228,2.634309708,Dallas Mavericks,0.437537,5,Dorian Finney-Smith,-1.2511696006308737,365,1627827.0,Dorian Finney-Smith
229,229,2.634309708,Dallas Mavericks,3.001041667,5,Dwight Powell,0.9897347554240636,94,203939.0,Dwight Powell
230,230,2.634309708,Dallas Mavericks,7.704001333,5,Harrison Barnes,-0.03057022973116918,51,203084.0,Harrison Barnes
231,231,2.634309708,Dallas Mavericks,1.3013,5,J.J. Barea,1.5683275035376312,482,200826.0,J.J. Barea
232,232,2.634309708,Dallas Mavericks,0.271871667,5,Maxi Kleber,6.566625736157999,345,1628467.0,Maxi Kleber
233,233,2.634309708,Dallas Mavericks,1.395866333,5,Nerlens Noel,-0.36282664139435816,128,203457.0,Nerlens Noel
234,234,2.634309708,Dallas Mavericks,0.490460667,5,Salah Mejri,1.2248000347186134,266,1626257.0,Salah Mejri
235,235,2.634309708,Dallas Mavericks,1.00947,5,Seth Curry,6.354972600422678,64,203552.0,Seth Curry
236,236,2.634309708,Dallas Mavericks,5.961392,5,Wesley Matthews,-0.5786748372270187,118,202083.0,Wesley Matthews
237,237,2.634309708,Dallas Mavericks,0.437537,5,Yogi Ferrell,-0.5388680551158167,149,1627812.0,Yogi Ferrell
238,238,1.767519876,New York Knicks,0.437537,5,Chasson Randle,-4.822402575088407,151,1626184.0,Chasson Randle
239,239,1.767519876,New York Knicks,3.915963333,5,Courtney Lee,4.585243401412897,192,201584.0,Courtney Lee
240,240,1.767519876,New York Knicks,0.36666666700000006,5,Damyean Dotson,-4.839732460699362,86,1628422.0,Damyean Dotson
241,241,1.767519876,New York Knicks,1.098331333,5,Doug McDermott,2.62011195951556,319,203926.0,Doug McDermott
242,242,1.767519876,New York Knicks,6.855600667,5,Enes Kanter,-0.8551034681830139,222,202683.0,Enes Kanter
243,243,1.767519876,New York Knicks,1.1670399999999999,5,Frank Ntilikina,-3.744505527878415,415,1628373.0,Frank Ntilikina
244,244,1.767519876,New York Knicks,5.921666667,5,Joakim Noah,-1.0848961863857811,449,201149.0,Joakim Noah
245,245,1.767519876,New York Knicks,2.218441667,5,Lance Thomas,2.7916649733659082,84,202498.0,Lance Thomas
246,246,1.767519876,New York Knicks,0.705651667,5,Michael Beasley,-1.0470882146557952,391,201563.0,Michael Beasley
247,247,1.767519876,New York Knicks,1.442666667,5,Ron Baker,-0.3699918072348008,356,1627758.0,Ron Baker
248,248,1.767519876,New York Knicks,0.47858333299999994,5,Willy Hernangomez,-3.688182413097444,312,1626195.0,Willy Hernangomez
249,249,1.628278788,Brooklyn Nets,6.444166667,5,Allen Crabbe,-2.1077493557786355,37,203459.0,Allen Crabbe
250,250,1.628278788,Brooklyn Nets,0.5441600000000001,5,Caris LeVert,0.28463877336905785,36,1627747.0,Caris LeVert
251,251,1.628278788,Brooklyn Nets,4.933333333,5,DeMarre Carroll,0.6222527048326594,38,201960.0,DeMarre Carroll
252,252,1.628278788,Brooklyn Nets,0.57124,5,Jarrett Allen,-1.4480139255483984,35,1628386.0,Jarrett Allen
253,253,1.628278788,Brooklyn Nets,4.0,5,Jeremy Lin,-3.519951207596272,389,202391.0,Jeremy Lin
254,254,1.628278788,Brooklyn Nets,0.508101667,5,Joe Harris,1.8756135286406672,385,203925.0,Joe Harris
255,255,1.628278788,Brooklyn Nets,0.569846,5,Quincy Acy,0.0,288,203112.0,Quincy Acy
256,256,1.628278788,Brooklyn Nets,0.490460667,5,Rondae Hollis-Jefferson,1.7092875175615037,110,1626178.0,Rondae Hollis-Jefferson
257,257,1.628278788,Brooklyn Nets,0.508101667,5,Spencer Dinwiddie,-4.322626529559301,180,203915.0,Spencer Dinwiddie
258,258,1.628278788,Brooklyn Nets,0.569846,5,Tyler Zeller,-1.6280971481517086,427,203092.0,Tyler Zeller
259,259,0.394281214,Orlando Magic,1.8348066669999998,5,Aaron Gordon,1.3761459623810417,464,203932.0,Aaron Gordon
260,260,0.394281214,Orlando Magic,5.666666667,5,Bismack Biyombo,-11.04526110530935,495,202687.0,Bismack Biyombo
261,261,0.394281214,Orlando Magic,2.416666667,5,D.J. Augustin,-5.428305758936932,69,201571.0,D.J. Augustin
262,262,0.394281214,Orlando Magic,1.1107799999999999,5,Elfrid Payton,-5.477241066678483,420,203901.0,Elfrid Payton
263,263,0.394281214,Orlando Magic,5.666666667,5,Evan Fournier,4.536143142016946,322,203095.0,Evan Fournier
264,264,0.394281214,Orlando Magic,1.39544,5,Jonathan Isaac,-3.6587130075575334,206,1628371.0,Jonathan Isaac
265,265,0.394281214,Orlando Magic,2.1,5,Jonathon Simmons,3.7509625552433596,302,203613.0,Jonathon Simmons
266,266,0.394281214,Orlando Magic,0.271871667,5,Khem Birch,-3.180503278361475,147,203920.0,Khem Birch
267,267,0.394281214,Orlando Magic,1.35944,5,Mario Hezonja,-1.3388901023022175,146,1626209.0,Mario Hezonja
268,268,0.394281214,Orlando Magic,4.083333333,5,Nikola Vucevic,7.407794322965933,70,202696.0,Nikola Vucevic
269,269,0.394281214,Orlando Magic,2.0,5,Shelvin Mack,3.193547255153817,435,202714.0,Shelvin Mack
270,270,0.394281214,Orlando Magic,3.5,5,Terrence Ross,9.658131790406136,71,203082.0,Terrence Ross
271,271,-0.49881092,Memphis Grizzlies,0.437537,5,Andrew Harrison,-2.5775882513975983,241,1626150.0,Andrew Harrison
272,272,-0.49881092,Memphis Grizzlies,1.733333333,5,Ben McLemore,3.1002240826110423,278,203463.0,Ben McLemore
273,273,-0.49881092,Memphis Grizzlies,7.704001333,5,Chandler Parsons,-0.6016250245826953,307,202718.0,Chandler Parsons
274,274,-0.49881092,Memphis Grizzlies,0.437537,5,Deyonta Davis,-8.507289632430933,473,1627738.0,Deyonta Davis
275,275,-0.49881092,Memphis Grizzlies,0.271871667,5,Dillon Brooks,-3.743150455092881,217,1628415.0,Dillon Brooks
276,276,-0.49881092,Memphis Grizzlies,0.316666667,5,Ivan Rabb,-5.663528038010143,247,1628397.0,Ivan Rabb
277,277,-0.49881092,Memphis Grizzlies,2.844444333,5,JaMychal Green,-2.886188585758939,83,203210.0,JaMychal Green
278,278,-0.49881092,Memphis Grizzlies,0.490460667,5,Jarell Martin,1.6055014800388918,132,1626185.0,Jarell Martin
279,279,-0.49881092,Memphis Grizzlies,7.54745,5,Marc Gasol,2.4768987892491547,13,201188.0,Marc Gasol
280,280,-0.49881092,Memphis Grizzlies,9.510202667,5,Mike Conley,8.643611381313036,335,201144.0,Mike Conley
281,281,-0.49881092,Memphis Grizzlies,1.096666667,5,Tyreke Evans,0.2553884662101753,163,201936.0,Tyreke Evans
282,282,-0.49881092,Memphis Grizzlies,0.437537,5,Wayne Selden,-5.2801762746697465,6,1627782.0,Wayne Selden
283,283,-1.257988701,Sacramento Kings,1.096666667,5,Anthony Tolliver,5.094657324232083,195,201229.0,Anthony Tolliver
284,284,-1.257988701,Sacramento Kings,3.1568713330000002,5,Bogdan Bogdanovic,4.892263322700845,407,203992.0,Bogdan Bogdanovic
285,285,-1.257988701,Sacramento Kings,1.22516,5,Buddy Hield,0.3110370751407557,481,1627741.0,Buddy Hield
286,286,-1.257988701,Sacramento Kings,0.394795,5,Frank Mason,-5.749224462501804,440,1628412.0,Frank Mason
287,287,-1.257988701,Sacramento Kings,2.666666667,5,Garrett Temple,0.06406706089653548,318,202066.0,Garrett Temple
288,288,-1.257988701,Sacramento Kings,6.666666667,5,George Hill,3.5835145773812633,347,201588.0,George Hill
289,289,-1.257988701,Sacramento Kings,0.78852,5,Justin Jackson,2.009809910799792,472,1628382.0,Justin Jackson
290,290,-1.257988701,Sacramento Kings,2.7976666669999997,5,Kosta Koufos,1.424228514188604,162,201585.0,Kosta Koufos
291,291,-1.257988701,Sacramento Kings,0.50152,5,Malachi Richardson,-1.94836302880868,267,1627781.0,Malachi Richardson
292,292,-1.257988701,Sacramento Kings,0.437537,5,Skal Labissiere,-2.68042473774795,65,1627746.0,Skal Labissiere
293,293,-1.257988701,Sacramento Kings,2.666666667,5,Vince Carter,-1.433745023282711,255,1713.0,Vince Carter
294,294,-1.257988701,Sacramento Kings,1.23472,5,Willie Cauley-Stein,5.6000841604980485,238,1626161.0,Willie Cauley-Stein
295,295,-1.5390419690000001,Chicago Bulls,0.50544,5,Bobby Portis,-0.8254687013742876,287,1626171.0,Bobby Portis
296,296,-1.5390419690000001,Chicago Bulls,0.73448,5,Cameron Payne,-6.4115248642781175,436,1626166.0,Cameron Payne
297,297,-1.5390419690000001,Chicago Bulls,2.6145,5,Cristiano Felicio,-3.4782478223613564,5,1626245.0,Cristiano Felicio
298,298,-1.5390419690000001,Chicago Bulls,0.437537,5,David Nwaba,3.1666931010523287,328,1628021.0,David Nwaba
299,299,-1.5390419690000001,Chicago Bulls,5.183333333,5,Dwyane Wade,0.8389891165971548,299,2548.0,Dwyane Wade
300,300,-1.5390419690000001,Chicago Bulls,0.066666667,5,Isaiah Canaan,-6.2090095748277685,433,203477.0,Isaiah Canaan
301,301,-1.5390419690000001,Chicago Bulls,0.57128,5,Jerian Grant,-3.947750883269365,398,1626170.0,Jerian Grant
302,302,-1.5390419690000001,Chicago Bulls,1.538461667,5,Justin Holiday,-3.3411222849055116,7,203200.0,Justin Holiday
303,303,-1.5390419690000001,Chicago Bulls,1.3489200000000001,5,Kris Dunn,-0.8998892347264041,448,1627739.0,Kris Dunn
304,304,-1.5390419690000001,Chicago Bulls,1.27388,5,Lauri Markkanen,0.7176650556123754,295,1628374.0,Lauri Markkanen
305,305,-1.5390419690000001,Chicago Bulls,4.166666667,5,Nikola Mirotic,1.7629286483171085,90,202703.0,Nikola Mirotic
306,306,-1.5390419690000001,Chicago Bulls,1.284643667,5,Quincy Pondexter,3.4744067806187164,200,202347.0,Quincy Pondexter
307,307,-1.5390419690000001,Chicago Bulls,1.1,5,Rajon Rondo,-3.268296284003433,168,200765.0,Rajon Rondo
308,308,-1.5390419690000001,Chicago Bulls,4.596166667,5,Robin Lopez,3.294456162797552,4,201577.0,Robin Lopez
309,309,-1.5390419690000001,Chicago Bulls,1.067405667,5,Zach LaVine,1.8297996938781065,390,203897.0,Zach LaVine
310,310,-3.470284758,Phoenix Suns,2.0,5,Alan Williams,0.10818888841998424,300,1626210.0,Alan Williams
311,311,-3.470284758,Phoenix Suns,1.395866333,5,Alex Len,3.904286886604811,32,203458.0,Alex Len
312,312,-3.470284758,Phoenix Suns,4.539583333,5,Brandon Knight,1.216936969250409,104,202688.0,Brandon Knight
313,313,-3.470284758,Phoenix Suns,0.271871667,5,Davon Reed,2.2327669878977194,346,1628432.0,Davon Reed
314,314,-3.470284758,Phoenix Suns,0.77312,5,Devin Booker,5.910096506164742,211,1626164.0,Devin Booker
315,315,-3.470284758,Phoenix Suns,1.4896,5,Dragan Bender,-10.81339563912322,442,1627733.0,Dragan Bender
316,316,-3.470284758,Phoenix Suns,5.961392,5,Greg Monroe,0.5001782781192121,394,202328.0,Greg Monroe
317,317,-3.470284758,Phoenix Suns,3.333333333,5,Jared Dudley,5.887734956351558,275,201162.0,Jared Dudley
318,318,-3.470284758,Phoenix Suns,1.69668,5,Josh Jackson,-0.2341370774041165,210,1628367.0,Josh Jackson
319,319,-3.470284758,Phoenix Suns,1.0246,5,Marquese Chriss,-2.360165107111113,409,1627737.0,Marquese Chriss
320,320,-3.470284758,Phoenix Suns,1.050977,5,T.J. Warren,5.711320337267998,513,203933.0,T.J. Warren
321,321,-3.470284758,Phoenix Suns,1.136173333,5,Troy Daniels,6.254900801831063,49,203584.0,Troy Daniels
322,322,-3.470284758,Phoenix Suns,0.437537,5,Tyler Ulis,0.23550919530940656,522,1627755.0,Tyler Ulis
323,323,-3.470284758,Phoenix Suns,4.333333333,5,Tyson Chandler,0.92352308151412,284,2199.0,Tyson Chandler
324,324,,Toronto Raptors ,0.271871667,5,Alfonzo McKinnie,-1.987417618508536,19,1628035.0,Alfonzo McKinnie
325,325,,Toronto Raptors ,0.817075,5,Bruno Caboclo,-5.137537666045733,418,203998.0,Bruno Caboclo
326,326,,Toronto Raptors ,0.5484,5,Delon Wright,0.35516537663484904,16,1626153.0,Delon Wright
327,327,,Toronto Raptors ,9.246658333,5,DeMar DeRozan,-0.4196377240127518,475,201942.0,DeMar DeRozan
328,328,,Toronto Raptors ,0.437537,5,Fred VanVleet,7.313465521472759,380,1627832.0,Fred VanVleet
329,329,,Toronto Raptors ,0.9418799999999999,5,Jakob Poeltl,-0.07746603811104169,97,1627751.0,Jakob Poeltl
330,330,,Toronto Raptors ,5.153558333,5,Jonas Valanciunas,2.728022575607053,378,202685.0,Jonas Valanciunas
331,331,,Toronto Raptors ,9.567901333,5,Kyle Lowry,2.1039096344770822,12,200768.0,Kyle Lowry
332,332,,Toronto Raptors ,0.490460667,5,Norman Powell,3.3838772884896433,152,1626181.0,Norman Powell
333,333,,Toronto Raptors ,0.5484,5,OG Anunoby,-3.7796576591424778,14,1628384.0,OG Anunoby
334,334,,Toronto Raptors ,0.437537,5,Pascal Siakam,-0.09224336355653763,165,1627783.0,Pascal Siakam
335,335,,Toronto Raptors ,6.687243,5,Serge Ibaka,-0.2218603389477192,293,201586.0,Serge Ibaka
336,336,,Cleveland Caveliers,0.5484,5,Ante Zizic,4.849427309395191,108,1627790.0,Ante Zizic
337,337,,Cleveland Caveliers,0.880952333,5,Cedi Osman,-1.263713707774652,106,1626224.0,Cedi Osman
338,338,,Cleveland Caveliers,2.473637333,5,Channing Frye,0.05556556353988018,429,101112.0,Channing Frye
339,339,,Cleveland Caveliers,0.705651667,5,Derrick Rose,4.608070947320432,452,201565.0,Derrick Rose
340,340,,Cleveland Caveliers,5.183333333,5,Dwyane Wade,0.8389891165971548,299,2548.0,Dwyane Wade
341,341,,Cleveland Caveliers,3.445693,5,Iman Shumpert,-4.923597914187581,111,202697.0,Iman Shumpert
342,342,,Cleveland Caveliers,2.087131667,5,Isaiah Thomas,0.250967134252039,396,202738.0,Isaiah Thomas
343,343,,Cleveland Caveliers,2.265372333,5,Jae Crowder,-4.7423759182610254,114,203109.0,Jae Crowder
344,344,,Cleveland Caveliers,0.705651667,5,Jeff Green,3.0957384461691153,453,201145.0,Jeff Green
345,345,,Cleveland Caveliers,0.776217333,5,Jose Calderon,-3.678159944949204,483,101181.0,Jose Calderon
346,346,,Cleveland Caveliers,7.54745,5,Kevin Love,1.5352447081382719,412,201567.0,Kevin Love
347,347,,Cleveland Caveliers,2.333333333,5,Kyle Korver,3.0520435389722995,113,2594.0,Kyle Korver
348,348,,Cleveland Caveliers,11.09523633,5,LeBron James,7.2848205572273566,225,2544.0,LeBron James
349,349,,Cleveland Caveliers,5.466666667,5,Tristan Thompson,0.7797323890143462,154,202684.0,Tristan Thompson
350,350,,Atlanta Hawks,5.166666667,5,Dennis Schroder,3.5804981719063,243,203471.0,Dennis Schroder
351,351,,Atlanta Hawks,2.0,5,Dewayne Dedmon,-1.1547155435223222,233,203473.0,Dewayne Dedmon
352,352,,Atlanta Hawks,2.0,5,Ersan Ilyasova,-1.8215361958588316,428,101141.0,Ersan Ilyasova
353,353,,Atlanta Hawks,3.647587333,5,Jamal Crawford,-3.567059171483975,374,2037.0,Jamal Crawford
354,354,,Atlanta Hawks,0.64564,5,John Collins,5.1456599994940655,271,1628381.0,John Collins
355,355,,Atlanta Hawks,5.636704333,5,Kent Bazemore,5.306824196710108,156,203145.0,Kent Bazemore
356,356,,Atlanta Hawks,2.20202,5,Marco Belinelli,-3.328868922303136,99,201158.0,Marco Belinelli
357,357,,Atlanta Hawks,1.6666666669999999,5,Mike Muscala,-0.8753714050776331,56,203488.0,Mike Muscala
358,358,,Atlanta Hawks,4.166666667,5,Miles Plumlee,-1.539389146716279,484,203101.0,Miles Plumlee
359,359,,Atlanta Hawks,0.033333333,5,Quinn Cook,-4.242515463100474,254,1626188.0,Quinn Cook
360,360,,Atlanta Hawks,0.016666667,5,Tyler Cavanaugh,-2.5241729448960952,476,1628463.0,Tyler Cavanaugh
361,361,,Atlanta Hawks,0.271871667,5,Tyler Dorsey,5.183121482709022,8,1628416.0,Tyler Dorsey
362,362,,,0.0,5,Damion Lee,-5.272521024137556,21,1627814.0,Damion Lee
363,363,,,0.0,5,Miles Bridges,-2.3318440692072184,24,1628970.0,Miles Bridges
364,364,,,0.0,5,Trae Young,-5.540330833311032,33,1629027.0,Trae Young
365,365,,,0.0,5,Jaylen Adams,-3.691641690233996,34,1629121.0,Jaylen Adams
366,366,,,0.0,5,Rodions Kurucs,4.0021861546870525,39,1629066.0,Rodions Kurucs
367,367,,,0.0,5,Otto Porter Jr.,4.077624045984828,40,203490.0,Otto Porter Jr.
368,368,,,0.0,5,Kenrich Williams,4.62537200638168,41,1629026.0,Kenrich Williams
369,369,,,0.0,5,E'Twaun Moore,3.5749514721061644,44,202734.0,E'Twaun Moore
370,370,,,0.0,5,Deandre Ayton,2.657699420956947,45,1629028.0,Deandre Ayton
371,371,,,0.0,5,De'Anthony Melton,1.8374797263170957,46,1629001.0,De'Anthony Melton
372,372,,,0.0,5,Mikal Bridges,-5.593359050379165,47,1628969.0,Mikal Bridges
373,373,,,0.0,5,Elie Okobo,-5.289661645659132,50,1629059.0,Elie Okobo
374,374,,,0.0,5,Harry Giles III,0.3046358438257264,52,1628385.0,Harry Giles III
375,375,,,0.0,5,De'Aaron Fox,-0.3353004307347307,54,1628368.0,De'Aaron Fox
376,376,,,0.0,5,Alex Caruso,-1.090675338715199,57,1627936.0,Alex Caruso
377,377,,,0.0,5,Nene,1.9334473284470493,76,2403.0,Nene
378,378,,,0.0,5,Gerald Green,-2.402185462948592,77,101123.0,Gerald Green
379,379,,,0.0,5,Kevin Knox,-6.461799897095897,85,1628995.0,Kevin Knox
380,380,,,0.0,5,Isaac Bonga,-1.7777878007873351,89,1629067.0,Isaac Bonga
381,381,,,0.0,5,Luka Doncic,9.245613678874845,95,1629029.0,Luka Doncic
382,382,,,0.0,5,Jalen Brunson,-6.8306324149005775,96,1628973.0,Jalen Brunson
383,383,,,0.0,5,Deng Adel,0.7727676293080472,109,1629061.0,Deng Adel
384,384,,,0.0,5,Grayson Allen,-4.115671024187987,115,1628960.0,Grayson Allen
385,385,,,0.0,5,TJ Leaf,-0.9911691960571114,120,1628388.0,TJ Leaf
386,386,,,0.0,5,Dairis Bertans,-7.14851849133842,123,1629541.0,Dairis Bertans
387,387,,,0.0,5,Monte Morris,3.7657415318511065,125,1628420.0,Monte Morris
388,388,,,0.0,5,Juancho Hernangomez,0.3171467025381749,126,1627823.0,Juancho Hernangomez
389,389,,,0.0,5,Amile Jefferson,1.428775207510334,133,1628518.0,Amile Jefferson
390,390,,,0.0,5,Robert Williams III,-4.715417448953373,134,1629057.0,Robert Williams III
391,391,,,0.0,5,Jordan Loyd,-0.3268216927434946,135,1628070.0,Jordan Loyd
392,392,,,0.0,5,Chris Boucher,0.7345561973644449,136,1628449.0,Chris Boucher
393,393,,,0.0,5,Bruce Brown,-0.8922992812315087,138,1628971.0,Bruce Brown
394,394,,,0.0,5,Tim Hardaway Jr.,1.175355386271165,142,203501.0,Tim Hardaway Jr.
395,395,,,0.0,5,Allonzo Trier,0.8701598694615544,145,1629019.0,Allonzo Trier
396,396,,,0.0,5,Marvin Bagley III,-1.199501400722589,148,1628963.0,Marvin Bagley III
397,397,,,0.0,5,Collin Sexton,-2.408160277472124,155,1629012.0,Collin Sexton
398,398,,,0.0,5,Taurean Prince,0.4136471859649085,157,1627752.0,Taurean Prince
399,399,,,0.0,5,Danuel House Jr.,2.9743467882769417,158,1627863.0,Danuel House Jr.
400,400,,,0.0,5,Julian Washburn,-3.3162532396291584,161,1627395.0,Julian Washburn
401,401,,,0.0,5,Alize Johnson,2.3749179819158868,164,1628993.0,Alize Johnson
402,402,,,0.0,5,PJ Dozier,-1.3521965284774655,166,1628408.0,PJ Dozier
403,403,,,0.0,5,Larry Nance Jr.,4.043588291077988,171,1626204.0,Larry Nance Jr.
404,404,,,0.0,5,Jared Terrell,-1.9245871173896407,172,1629123.0,Jared Terrell
405,405,,,0.0,5,Royce O'Neale,6.574375656760372,173,1626220.0,Royce O'Neale
406,406,,,0.0,5,Shake Milton,-0.7392241222463589,174,1629003.0,Shake Milton
407,407,,,0.0,5,Duncan Robinson,-0.8172699220959256,175,1629130.0,Duncan Robinson
408,408,,,0.0,5,Mitchell Robinson,-3.2159150539602623,176,1629011.0,Mitchell Robinson
409,409,,,0.0,5,Chris Chiozza,-2.8996242636875125,177,1629185.0,Chris Chiozza
410,410,,,0.0,5,Trey Burke,4.207984743830009,184,203504.0,Trey Burke
411,411,,,0.0,5,Daryl Macon,-6.588086819960678,185,1629133.0,Daryl Macon
412,412,,,0.0,5,Jimmer Fredette,-1.3712585119440517,186,202690.0,Jimmer Fredette
413,413,,,0.0,5,Tyrone Wallace,2.1145977121944037,189,1627820.0,Tyrone Wallace
414,414,,,0.0,5,Devin Robinson,-0.0423588448906842,191,1628421.0,Devin Robinson
415,415,,,0.0,5,PJ Tucker,3.4811060584873235,193,200782.0,PJ Tucker
416,416,,,0.0,5,Yante Maten,0.10838838717993493,194,1628999.0,Yante Maten
417,417,,,0.0,5,Keita Bates-Diop,1.059678735543918,196,1628966.0,Keita Bates-Diop
418,418,,,0.0,5,Billy Garrett,-1.5117699471119652,197,1628656.0,Billy Garrett
419,419,,,0.0,5,Haywood Highsmith,-1.3176236822927976,198,1629312.0,Haywood Highsmith
420,420,,,0.0,5,Kyle O'Quinn,3.1371224664941275,204,203124.0,Kyle O'Quinn
421,421,,,0.0,5,Mo Bamba,-7.625937707942297,205,1628964.0,Mo Bamba
422,422,,,0.0,5,Isaiah Hartenstein,5.0013869086340925,208,1628392.0,Isaiah Hartenstein
423,423,,,0.0,5,Isaiah Briscoe,-2.0553011624365984,215,1628515.0,Isaiah Briscoe
424,424,,,0.0,5,Donte DiVincenzo,6.929906621472461,219,1628978.0,Donte DiVincenzo
425,425,,,0.0,5,Ryan Arcidiacono,-1.7371398384664802,224,1627853.0,Ryan Arcidiacono
426,426,,,0.0,5,Deonte Burton,0.5089808150133317,228,1629126.0,Deonte Burton
427,427,,,0.0,5,Svi Mykhailiuk,1.2579197453799686,229,1629004.0,Svi Mykhailiuk
428,428,,,0.0,5,DeVaughn Akoon-Purcell,-0.6987768449092262,230,1629152.0,DeVaughn Akoon-Purcell
429,429,,,0.0,5,DeAndre' Bembry,-3.54472037777822,231,1627761.0,DeAndre' Bembry
430,430,,,0.0,5,Alex Poythress,-6.171828616610599,232,1627816.0,Alex Poythress
431,431,,,0.0,5,Chimezie Metu,2.1498626000050254,235,1629002.0,Chimezie Metu
432,432,,,0.0,5,Wendell Carter Jr.,-1.2998734555118183,246,1628976.0,Wendell Carter Jr.
433,433,,,0.0,5,Johnathan Williams,0.7664932585055729,250,1629140.0,Johnathan Williams
434,434,,,0.0,5,Kevin Huerter,7.207428192983153,256,1628989.0,Kevin Huerter
435,435,,,0.0,5,Derrick Jones Jr.,-1.9475428562987,257,1627884.0,Derrick Jones Jr.
436,436,,,0.0,5,Shaquille Harrison,-3.2168674931100685,258,1627885.0,Shaquille Harrison
437,437,,,0.0,5,Marcus Derrickson,-1.8630456884645477,259,1629094.0,Marcus Derrickson
438,438,,,0.0,5,Dzanan Musa,1.1305117565903149,262,1629058.0,Dzanan Musa
439,439,,,0.0,5,Brad Wanamaker,2.597952321424644,265,202954.0,Brad Wanamaker
440,440,,,0.0,5,CJ McCollum,4.234444270276971,269,203468.0,CJ McCollum
441,441,,,0.0,5,Tyler Davis,0.202461851349058,270,1629093.0,Tyler Davis
442,442,,,0.0,5,Jaron Blossomgame,-0.031017176815810288,272,1628417.0,Jaron Blossomgame
443,443,,,0.0,5,Jalen Jones,0.8899067562679326,273,1627883.0,Jalen Jones
444,444,,,0.0,5,Josh Okogie,-3.5883471679606838,277,1629006.0,Josh Okogie
445,445,,,0.0,5,Naz Mitrou-Long,0.6967899923740081,281,1628513.0,Naz Mitrou-Long
446,446,,,0.0,5,Kelly Oubre Jr.,-3.0309327584527512,282,1626162.0,Kelly Oubre Jr.
447,447,,,0.0,5,J.P. Macura,2.1442512414785253,283,1629122.0,J.P. Macura
448,448,,,0.0,5,Brandon Goodwin,-0.3019643992617639,289,1629164.0,Brandon Goodwin
449,449,,,0.0,5,Theo Pinson,1.7051868431469597,296,1629033.0,Theo Pinson
450,450,,,0.0,5,Gary Payton II,0.0,297,1627780.0,Gary Payton II
451,451,,,0.0,5,Tahjere McCall,0.0,305,1628769.0,Tahjere McCall
452,452,,,0.0,5,CJ Miles,-5.716035691254102,308,101139.0,CJ Miles
453,453,,,0.0,5,Troy Brown Jr.,-7.229510472282961,309,1628972.0,Troy Brown Jr.
454,454,,,0.0,5,Moritz Wagner,-3.9256839465935407,310,1629021.0,Moritz Wagner
455,455,,,0.0,5,BJ Johnson,0.021288321713717303,314,1629168.0,BJ Johnson
456,456,,,0.0,5,Anfernee Simons,-2.93543093572209,315,1629014.0,Anfernee Simons
457,457,,,0.0,5,Jonah Bolden,-2.003416042294277,316,1628413.0,Jonah Bolden
458,458,,,0.0,5,Torrey Craig,-1.2125056728369683,320,1628470.0,Torrey Craig
459,459,,,0.0,5,Malcolm Miller,-1.9786582921782103,323,1626259.0,Malcolm Miller
460,460,,,0.0,5,Ray Spalding,-5.80609072024536,324,1629034.0,Ray Spalding
461,461,,,0.0,5,Luke Kornet,-1.9469401600203629,329,1628436.0,Luke Kornet
462,462,,,0.0,5,Yuta Watanabe,1.6089470863843185,330,1629139.0,Yuta Watanabe
463,463,,,0.0,5,Scott Machado,0.2386635269454397,332,203159.0,Scott Machado
464,464,,,0.0,5,Jevon Carter,2.8292257241056937,333,1628975.0,Jevon Carter
465,465,,,0.0,5,D'Angelo Russell,0.2144931214196486,338,1626156.0,D'Angelo Russell
466,466,,,0.0,5,Glenn Robinson III,-1.6069750919527106,339,203922.0,Glenn Robinson III
467,467,,,0.0,5,Jerome Robinson,3.0412855946462702,341,1629010.0,Jerome Robinson
468,468,,,0.0,5,JJ Redick,3.809013855388685,342,200755.0,JJ Redick
469,469,,,0.0,5,Jemerrio Jones,2.741433750875752,343,1629203.0,Jemerrio Jones
470,470,,,0.0,5,Melvin Frazier Jr.,-0.8114357271001107,344,1628982.0,Melvin Frazier Jr.
471,471,,,0.0,5,Dennis Smith Jr.,-1.7855909983674696,348,1628372.0,Dennis Smith Jr.
472,472,,,0.0,5,Brandon Sampson,-1.461532373725798,349,1629102.0,Brandon Sampson
473,473,,,0.0,5,Mitchell Creek,-1.1628569453040112,350,1628249.0,Mitchell Creek
474,474,,,0.0,5,Isaiah Hicks,-1.9576530277615292,353,1628439.0,Isaiah Hicks
475,475,,,0.0,5,Donatas Motiejunas,-0.8470399840473929,354,202700.0,Donatas Motiejunas
476,476,,,0.0,5,Antonio Blakeney,3.382625324482681,362,1628469.0,Antonio Blakeney
477,477,,,0.0,5,Hamidou Diallo,-7.722455892854622,364,1628977.0,Hamidou Diallo
478,478,,,0.0,5,MarShon Brooks,-0.4379415894534469,368,202705.0,MarShon Brooks
479,479,,,0.0,5,Jaren Jackson Jr.,-2.818598702617354,371,1628991.0,Jaren Jackson Jr.
480,480,,,0.0,5,Gary Clark,-4.045343620746928,375,1629109.0,Gary Clark
481,481,,,0.0,5,James Nunnally,-0.2636793263022159,376,203263.0,James Nunnally
482,482,,,0.0,5,Johnathan Motley,1.4713085303611118,384,1628405.0,Johnathan Motley
483,483,,,0.0,5,Khyri Thomas,-5.467977447726121,387,1629017.0,Khyri Thomas
484,484,,,0.0,5,Wade Baldwin IV,-1.7463148179230694,392,1627735.0,Wade Baldwin IV
485,485,,,0.0,5,Kadeem Allen,-0.8601442810170326,395,1628443.0,Kadeem Allen
486,486,,,0.0,5,Jacob Evans,-0.573234802435773,397,1628980.0,Jacob Evans
487,487,,,0.0,5,Landry Shamet,-0.17402027526366126,399,1629013.0,Landry Shamet
488,488,,,0.0,5,James Ennis III,-4.645684427183928,401,203516.0,James Ennis III
489,489,,,0.0,5,Shai Gilgeous-Alexander,-3.5474980046491664,404,1628983.0,Shai Gilgeous-Alexander
490,490,,,0.0,5,Wes Iwundu,0.059984733635878314,406,1628411.0,Wes Iwundu
491,491,,,0.0,5,Gary Trent Jr.,3.0050791889249937,410,1629018.0,Gary Trent Jr.
492,492,,,0.0,5,John Jenkins,-3.5774631278020066,413,203098.0,John Jenkins
493,493,,,0.0,5,Jordan McRae,-1.27374466779536,414,203895.0,Jordan McRae
494,494,,,0.0,5,Troy Caupain,-0.3396645074214438,417,1628505.0,Troy Caupain
495,495,,,0.0,5,Bonzie Colson,-1.1724721860351943,419,1629045.0,Bonzie Colson
496,496,,,0.0,5,Walter Lemon Jr.,-3.1697258093963963,422,1627215.0,Walter Lemon Jr.
497,497,,,0.0,5,Isaac Humphries,-4.2949758191437715,424,1629353.0,Isaac Humphries
498,498,,,0.0,5,Cameron Reynolds,2.6982335414629115,430,1629244.0,Cameron Reynolds
499,499,,,0.0,5,Zhaire Smith,0.03316757721176411,431,1629015.0,Zhaire Smith
500,500,,,0.0,5,JR Smith,0.6556293154443829,439,2747.0,JR Smith
501,501,,,0.0,5,DJ Stephens,0.6754656638005616,443,203474.0,DJ Stephens
502,502,,,0.0,5,Omari Spellman,-5.147923923117129,447,1629016.0,Omari Spellman
503,503,,,0.0,5,Kobi Simmons,0.0,450,1628424.0,Kobi Simmons
504,504,,,0.0,5,Terrence Jones,-0.3030294560181768,456,203093.0,Terrence Jones
505,505,,,0.0,5,Jarred Vanderbilt,-0.4772206750570822,461,1629020.0,Jarred Vanderbilt
506,506,,,0.0,5,Devonte' Graham,-1.701068615410832,466,1628984.0,Devonte' Graham
507,507,,,0.0,5,Edmond Sumner,1.1270160909060207,468,1628410.0,Edmond Sumner
508,508,,,0.0,5,Christian Wood,-0.053455321929150035,469,1626174.0,Christian Wood
509,509,,,0.0,5,JaKarr Sampson,-4.214487151954302,477,203960.0,JaKarr Sampson
510,510,,,0.0,5,C.J. Williams,-8.62212531894896,479,203710.0,C.J. Williams
511,511,,,0.0,5,Drew Eubanks,-1.2159006257642502,480,1629234.0,Drew Eubanks
512,512,,,0.0,5,Vincent Edwards,-0.30846844200184576,485,1629053.0,Vincent Edwards
513,513,,,0.0,5,Jaylen Morris,2.061411662279443,486,1628537.0,Jaylen Morris
514,514,,,0.0,5,Ryan Broekhoff,5.339780373004508,488,1629151.0,Ryan Broekhoff
515,515,,,0.0,5,Daniel Hamilton,0.950983344415278,489,1627772.0,Daniel Hamilton
516,516,,,0.0,5,Trevon Duval,0.0,490,1628979.0,Trevon Duval
517,517,,,0.0,5,Jordan Sibert,0.0,491,1626296.0,Jordan Sibert
518,518,,,0.0,5,Aaron Holiday,0.8771773981647506,504,1628988.0,Aaron Holiday
519,519,,,0.0,5,Thomas Welsh,-1.7338824853477417,506,1629118.0,Thomas Welsh
520,520,,,0.0,5,Lonnie Walker IV,-4.6219592941332746,507,1629022.0,Lonnie Walker IV
521,521,,,0.0,5,Rawle Alkins,-2.4114414347891584,511,1628959.0,Rawle Alkins
522,522,,,0.0,5,Lorenzo Brown,-0.8240741454675574,512,203485.0,Lorenzo Brown
523,523,,,0.0,5,Chandler Hutchison,7.839444550879924,515,1628990.0,Chandler Hutchison
524,524,,,0.0,5,Donte Grantham,-3.9228004900428894,517,1629055.0,Donte Grantham
525,525,,,0.0,5,Emanuel Terry,0.0,518,1629150.0,Emanuel Terry
526,526,,,0.0,5,Andre Ingram,-0.9704952814417154,519,201281.0,Andre Ingram
527,527,,,0.0,5,Kostas Antetokounmpo,1.3464319967860992,520,1628961.0,Kostas Antetokounmpo
528,528,,,0.0,5,John Holland,0.6112809621018752,521,204066.0,John Holland
529,529,,,0.0,5,George King,-0.5692926222567177,523,1628994.0,George King
530,530,,,0.0,5,RJ Hunter,1.3812471108242628,524,1626154.0,RJ Hunter
531,531,,,0.0,5,Kalin Lucas,0.0,525,203564.0,Kalin Lucas
532,532,,,0.0,5,Angel Delgado,1.4986267018056867,526,1629116.0,Angel Delgado
533,533,,,0.0,5,Dusty Hannahs,-0.17942888130259427,527,1628605.0,Dusty Hannahs
534,534,,,0.0,5,Joe Chealey,0.0,528,1629147.0,Joe Chealey
