"X","Unnamed..0","rating","Team","mu","sd","name","Contract.Value","Year","Type","coefs","index","player_id","player_name","finalpriors","finalse"
0,0,-6.894414691,"Houston Rockets",0.508101667,5,"Bobby Brown","$1,524,305.00 ",2017,"Non-rookie",-2.826782565,387,201628,"Bobby Brown",-1.13667770529651,0.555599334389265
1,2,-6.894414691,"Houston Rockets",8.199831667,5,"Chris Paul","$24,599,495.00 ",2017,"Non-rookie",4.8505246,435,101108,"Chris Paul",2.93236926914193,0.589730935030744
2,4,-6.894414691,"Houston Rockets",4.31434,5,"Eric Gordon","$12,943,020.00 ",2017,"Non-rookie",5.520604807,19,201569,"Eric Gordon",0.876882647561072,0.419212769045655
3,7,-6.894414691,"Houston Rockets",9.433133,5,"James Harden","$28,299,399.00 ",2017,"Non-rookie",8.102053337,16,201935,"James Harden",3.58480520457057,0.68366772229137
4,8,-6.894414691,"Houston Rockets",0.705651667,5,"Luc Mbah a Moute","$2,116,955.00 ",2017,"Non-rookie",0.160668986,14,201601,"Luc Mbah a Moute",-1.03217062694089,0.542631494621588
5,9,-6.894414691,"Houston Rockets",6.526151667,5,"Ryan Anderson","$19,578,455.00 ",2017,"Non-rookie",0.920300616,149,201583,"Ryan Anderson",2.04696604513665,0.485338587936142
6,11,-6.894414691,"Houston Rockets",2.473637333,5,"Trevor Ariza","$7,420,912.00 ",2017,"Non-rookie",-3.928961887,369,2772,"Trevor Ariza",-0.0968782122191227,0.450308276149961
7,14,-13.43031611,"Golden State Warriors",4.938271667,5,"Andre Iguodala","$14,814,815.00 ",2017,"Non-rookie",-1.185310332,198,2738,"Andre Iguodala",1.57916994028753,0.77202975850813
8,16,-13.43031611,"Golden State Warriors",0.776217333,5,"David West","$2,328,652.00 ",2017,"Non-rookie",-6.396648041,37,2561,"David West",-0.622622711718073,0.858630761560753
9,17,-13.43031611,"Golden State Warriors",5.466666667,5,"Draymond Green","$16,400,000.00 ",2017,"Non-rookie",1.122723521,199,203110,"Draymond Green",1.85869926282725,0.77693242041414
10,18,-13.43031611,"Golden State Warriors",0.705651667,5,"JaVale McGee","$2,116,955.00 ",2017,"Non-rookie",-0.311422859,204,201580,"JaVale McGee",-0.659953066493466,0.861810178654935
11,20,-13.43031611,"Golden State Warriors",8.333333333,5,"Kevin Durant","$25,000,000.00 ",2017,"Non-rookie",6.219605682,391,201142,"Kevin Durant",3.37521132500453,0.863161195392493
12,22,-13.43031611,"Golden State Warriors",5.94205,5,"Klay Thompson","$17,826,150.00 ",2017,"Non-rookie",-1.163799904,157,202691,"Klay Thompson",2.1101845740436,0.784455265448057
13,23,-13.43031611,"Golden State Warriors",1.730666667,5,"Nick Young","$5,192,000.00 ",2017,"Non-rookie",0.262481359,35,201156,"Nick Young",-0.11770389959551,0.820570473118109
14,24,-13.43031611,"Golden State Warriors",0.702156667,5,"Omri Casspi","$2,106,470.00 ",2017,"Non-rookie",-1.966010933,36,201956,"Omri Casspi",-0.661801976839469,0.861968891266219
15,26,-13.43031611,"Golden State Warriors",2.564102667,5,"Shaun Livingston","$7,692,308.00 ",2017,"Non-rookie",-2.498496359,293,2733,"Shaun Livingston",0.323196942502181,0.79553307876241
16,27,-13.43031611,"Golden State Warriors",11.56085,5,"Stephen Curry","$34,682,550.00 ",2017,"Non-rookie",8.730764244,290,201939,"Stephen Curry",5.08261875204708,1.05205588817319
17,28,-13.43031611,"Golden State Warriors",1.1592,5,"Zaza Pachulia","$3,477,600.00 ",2017,"Non-rookie",-1.482219981,455,2585,"Zaza Pachulia",-0.420018816051076,0.84222804377156
18,29,4.722418349,"Philadelphia 76ers",3.666666667,5,"Amir Johnson","$11,000,000.00 ",2017,"Non-rookie",-2.609948759,93,101161,"Amir Johnson",-0.127321843768565,0.464000356754273
19,34,4.722418349,"Philadelphia 76ers",3,5,"Jerryd Bayless","$9,000,000.00 ",2017,"Non-rookie",0.646191876,40,201573,"Jerryd Bayless",-0.479999067789079,0.46499694008509
21,40,4.722418349,"Philadelphia 76ers",5.566034333,5,"Robert Covington","$16,698,103.00 ",2017,"Non-rookie",4.369223219,38,203496,"Robert Covington",0.877473729487841,0.512687685830071
22,43,-4.969595181,"Utah Jazz",3.615168667,5,"Alec Burks","$10,845,506.00 ",2017,"Non-rookie",-10.39537192,113,202692,"Alec Burks",0.397392065864576,0.337531766193611
23,45,-4.969595181,"Utah Jazz",4,5,"Derrick Favors","$12,000,000.00 ",2017,"Non-rookie",-1.137107826,282,202324,"Derrick Favors",0.600973935120617,0.335381448980864
24,47,-4.969595181,"Utah Jazz",1.066666667,5,"Ekpe Udoh","$3,200,000.00 ",2017,"Non-rookie",3.623603865,406,202327,"Ekpe Udoh",-0.950805849617416,0.44776413955708
25,48,-4.969595181,"Utah Jazz",4.712121333,5,"Joe Ingles","$14,136,364.00 ",2017,"Non-rookie",3.967437037,480,204060,"Joe Ingles",0.977697397264597,0.343289112924663
26,49,-4.969595181,"Utah Jazz",3.501666667,5,"Joe Johnson","$10,505,000.00 ",2017,"Non-rookie",0.541396889,499,2207,"Joe Johnson",0.337347710473434,0.33902349273775
27,51,-4.969595181,"Utah Jazz",1.333333333,5,"Jonas Jerebko","$4,000,000.00 ",2017,"Non-rookie",-2.391235733,323,201973,"Jonas Jerebko",-0.809734960432424,0.43031235727366
28,53,-4.969595181,"Utah Jazz",4.758333333,5,"Ricky Rubio","$14,275,000.00 ",2017,"Non-rookie",3.089646521,109,201937,"Ricky Rubio",1.00214427706703,0.344320427938376
29,55,-4.969595181,"Utah Jazz",7.324906333,5,"Rudy Gobert","$21,974,719.00 ",2017,"Non-rookie",1.203571778,143,203497,"Rudy Gobert",2.35990203771715,0.476443058665584
30,56,-4.969595181,"Utah Jazz",1.75,5,"Thabo Sefolosha","$5,250,000.00 ",2017,"Non-rookie",-4.455827307,386,200757,"Thabo Sefolosha",-0.589311695353475,0.405162928679208
31,58,-2.082185522,"Oklahoma City Thunder",1.908333333,5,"Alex Abrines","$5,725,000.00 ",2017,"Non-rookie",5.800316078,103,203518,"Alex Abrines",-0.669987940187753,0.327567910268235
32,59,-2.082185522,"Oklahoma City Thunder",3.086419667,5,"Andre Roberson","$9,259,259.00 ",2017,"Non-rookie",1.054220732,129,203460,"Andre Roberson",-0.04676161360193,0.274483623782177
33,60,-2.082185522,"Oklahoma City Thunder",8.74792,5,"Carmelo Anthony","$26,243,760.00 ",2017,"Non-rookie",10.38906667,102,2546,"Carmelo Anthony",2.94826171675104,0.566136611236443
34,64,-2.082185522,"Oklahoma City Thunder",1.5555,5,"Kyle Singler","$4,666,500.00 ",2017,"Non-rookie",-1.293948115,468,202713,"Kyle Singler",-0.856642360730944,0.34990710074208
35,65,-2.082185522,"Oklahoma City Thunder",0.776217333,5,"Nick Collison","$2,328,652.00 ",2017,"Non-rookie",-2.006443122,442,2555,"Nick Collison",-1.26889523211211,0.406135765851217
36,66,-2.082185522,"Oklahoma City Thunder",1.730666667,5,"Patrick Patterson","$5,192,000.00 ",2017,"Non-rookie",-10.21654114,510,202335,"Patrick Patterson",-0.763976419989548,0.338527683316316
37,67,-2.082185522,"Oklahoma City Thunder",6.502986,5,"Paul George","$19,508,958.00 ",2017,"Non-rookie",-4.728312272,416,202331,"Paul George",1.76065608050094,0.379882162498325
38,68,-2.082185522,"Oklahoma City Thunder",0.776217333,5,"Raymond Felton","$2,328,652.00 ",2017,"Non-rookie",-0.229702983,234,101109,"Raymond Felton",-1.26889523211211,0.406135765851217
39,69,-2.082185522,"Oklahoma City Thunder",9.510202667,5,"Russell Westbrook","$28,530,608.00 ",2017,"Non-rookie",6.133106676,130,201566,"Russell Westbrook",3.35152131892418,0.635568162527086
40,70,-2.082185522,"Oklahoma City Thunder",7.490636667,5,"Steven Adams","$22,471,910.00 ",2017,"Non-rookie",6.070395456,100,203500,"Steven Adams",2.28313892354905,0.457210776853495
41,73,-2.709757135,"Boston Celtics",9.244801667,5,"Al Horford","$27,734,405.00 ",2017,"Non-rookie",1.971780364,418,201143,"Al Horford",3.24685999598257,0.610961930202183
42,74,-2.709757135,"Boston Celtics",1.442666667,5,"Aron Baynes","$4,328,000.00 ",2017,"Non-rookie",-9.140388239,324,203382,"Aron Baynes",-0.880592971803646,0.365627752438304
43,77,-2.709757135,"Boston Celtics",9.9093,5,"Gordon Hayward","$29,727,900.00 ",2017,"Non-rookie",0.569601533,538,202330,"Gordon Hayward",3.59839013697985,0.672024137506696
44,81,-2.709757135,"Boston Celtics",6.289541667,5,"Kyrie Irving","$18,868,625.00 ",2017,"Non-rookie",6.052479082,481,202681,"Kyrie Irving",1.68348065717596,0.367449756876566
45,82,-2.709757135,"Boston Celtics",1.666666667,5,"Marcus Morris","$5,000,000.00 ",2017,"Non-rookie",-1.382766102,118,202694,"Marcus Morris",-0.762093424592003,0.350830046725016
46,85,-2.709757135,"Boston Celtics",0.508101667,5,"Shane Larkin","$1,524,305.00 ",2017,"Non-rookie",0.381259293,135,203499,"Shane Larkin",-1.37499265635654,0.434818000631645
47,89,-8.154010436,"San Antonio Spurs",3.333333333,5,"Danny Green","$10,000,000.00 ",2017,"Non-rookie",4.247937158,508,201980,"Danny Green",0.429648173076253,0.488629710566438
48,94,-8.154010436,"San Antonio Spurs",6.289541667,5,"Kawhi Leonard","$18,868,625.00 ",2017,"Non-rookie",7.469447441,79,202695,"Kawhi Leonard",1.99352919558646,0.526282173599919
49,96,-8.154010436,"San Antonio Spurs",7.15367,5,"LaMarcus Aldridge","$21,461,010.00 ",2017,"Non-rookie",5.333597095,156,200746,"LaMarcus Aldridge",2.45066676787776,0.567572979398447
50,97,-8.154010436,"San Antonio Spurs",0.833333333,5,"Manu Ginobili","$2,500,000.00 ",2017,"Non-rookie",1.001509283,428,1938,"Manu Ginobili",-0.892891416339404,0.588990843380129
51,98,-8.154010436,"San Antonio Spurs",3.571428667,5,"Patty Mills","$10,714,286.00 ",2017,"Non-rookie",1.011038678,147,201988,"Patty Mills",0.555604375184311,0.484945688639412
52,99,-8.154010436,"San Antonio Spurs",5.333333333,5,"Pau Gasol","$16,000,000.00 ",2017,"Non-rookie",-3.821007637,477,2200,"Pau Gasol",1.48767984460878,0.494892488894438
53,100,-8.154010436,"San Antonio Spurs",2.802,5,"Rudy Gay","$8,406,000.00 ",2017,"Non-rookie",3.024978458,223,200752,"Rudy Gay",0.148564425848784,0.500972060371933
54,101,-8.154010436,"San Antonio Spurs",5.151042,5,"Tony Parker","$15,453,126.00 ",2017,"Non-rookie",-3.894915022,345,2225,"Tony Parker",1.39124484272884,0.4908614276027
55,102,-0.487595368,"Minnesota Timberwolves",0.705651667,5,"Aaron Brooks","$2,116,955.00 ",2017,"Non-rookie",-5.138802222,307,201166,"Aaron Brooks",-1.39703700202145,0.407841357997071
56,103,-0.487595368,"Minnesota Timberwolves",2.524774,5,"Andrew Wiggins","$7,574,322.00 ",2017,"Non-rookie",-3.209102887,312,203952,"Andrew Wiggins",-0.434692480668381,0.295916797338716
57,104,-0.487595368,"Minnesota Timberwolves",2.433333333,5,"Cole Aldrich","$7,300,000.00 ",2017,"Non-rookie",-3.909237193,502,202332,"Cole Aldrich",-0.483066041544411,0.29983206397516
58,105,-0.487595368,"Minnesota Timberwolves",4.70412,5,"Gorgui Dieng","$14,112,360.00 ",2017,"Non-rookie",-7.691318774,311,203476,"Gorgui Dieng",0.718216064945481,0.287988067067544
59,106,-0.487595368,"Minnesota Timberwolves",3.647587333,5,"Jamal Crawford","$10,942,762.00 ",2017,"Non-rookie",2.357181606,410,2037,"Jamal Crawford",0.159293553098117,0.270120944521039
60,108,-0.487595368,"Minnesota Timberwolves",6.333333333,5,"Jeff Teague","$19,000,000.00 ",2017,"Non-rookie",7.239250779,27,201952,"Jeff Teague",1.58009571794402,0.378647326487669
61,109,-0.487595368,"Minnesota Timberwolves",6.43369,5,"Jimmy Butler","$19,301,070.00 ",2017,"Non-rookie",4.025558796,479,202710,"Jimmy Butler",1.63318598401174,0.385854928911806
62,111,-0.487595368,"Minnesota Timberwolves",2.07228,5,"Karl-Anthony Towns","$6,216,840.00 ",2017,"Non-rookie",3.692724292,29,1626157,"Karl-Anthony Towns",-0.674068972257601,0.317476936286708
63,114,-0.487595368,"Minnesota Timberwolves",0.525743333,5,"Shabazz Muhammad","$1,577,230.00 ",2017,"Non-rookie",-3.655842896,270,203498,"Shabazz Muhammad",-1.49221135969378,0.421696722053943
64,115,-0.487595368,"Minnesota Timberwolves",4.666666667,5,"Taj Gibson","$14,000,000.00 ",2017,"Non-rookie",0.102629818,90,201959,"Taj Gibson",0.698402658686254,0.286689006365463
65,117,-0.655602464,"Portland Trail Blazers",2.439678333,5,"Al-Farouq Aminu","$7,319,035.00 ",2017,"Non-rookie",7.716391423,463,202329,"Al-Farouq Aminu",-0.470141484011814,0.297979154340216
66,119,-0.655602464,"Portland Trail Blazers",8.717685667,5,"Damian Lillard","$26,153,057.00 ",2017,"Non-rookie",7.915807696,122,203081,"Damian Lillard",2.85102381273093,0.572808265080348
67,120,-0.655602464,"Portland Trail Blazers",2.117510333,5,"Ed Davis","$6,352,531.00 ",2017,"Non-rookie",-5.063954717,303,202334,"Ed Davis",-0.640573457788959,0.313699691336574
68,121,-0.655602464,"Portland Trail Blazers",5.710382667,5,"Evan Turner","$17,131,148.00 ",2017,"Non-rookie",-0.038754784,326,202323,"Evan Turner",1.26011290278354,0.334934819753397
69,124,-0.655602464,"Portland Trail Blazers",3.387640667,5,"Maurice Harkless","$10,162,922.00 ",2017,"Non-rookie",-2.477722322,327,203090,"Maurice Harkless",0.0313456023841334,0.269992974739718
70,125,-0.655602464,"Portland Trail Blazers",3.301498333,5,"Meyers Leonard","$9,904,495.00 ",2017,"Non-rookie",-2.373206391,124,203086,"Meyers Leonard",-0.014225056431733,0.271249206738043
71,130,0.562154828,"New Orleans Pelicans",7.925168667,5,"Anthony Davis","$23,775,506.00 ",2017,"Non-rookie",5.381461205,62,203076,"Anthony Davis",2.36241886919982,0.522600369815383
72,132,0.562154828,"New Orleans Pelicans",0.766666667,5,"Dante Cunningham","$2,300,000.00 ",2017,"Non-rookie",-6.099927255,63,201967,"Dante Cunningham",-1.42454204916465,0.413597062365937
73,133,0.562154828,"New Orleans Pelicans",0.7,5,"Darius Miller","$2,100,000.00 ",2017,"Non-rookie",-5.38473835,296,203121,"Darius Miller",-1.45980977172541,0.418416538574019
74,134,0.562154828,"New Orleans Pelicans",6.021283333,5,"DeMarcus Cousins","$18,063,850.00 ",2017,"Non-rookie",9.935191988,297,202326,"DeMarcus Cousins",1.35523337803068,0.378085482094744
75,138,0.562154828,"New Orleans Pelicans",0.083333333,5,"Jordan Crawford","$250,000.00 ",2017,"Non-rookie",-1.238604944,274,202348,"Jordan Crawford",-1.78603620395761,0.465298925471313
76,141,0.562154828,"New Orleans Pelicans",8.562222333,5,"Jrue Holiday","$25,686,667.00 ",2017,"Non-rookie",7.436850254,507,201950,"Jrue Holiday",2.69943034674677,0.577350602750312
77,142,0.562154828,"New Orleans Pelicans",3.531835,5,"Omer Asik","$10,595,505.00 ",2017,"Non-rookie",-4.047849855,172,201600,"Omer Asik",0.0382757875517501,0.292199069638308
78,145,0.562154828,"New Orleans Pelicans",1.1,5,"Rajon Rondo","$3,300,000.00 ",2017,"Non-rookie",-3.516790574,476,200765,"Rajon Rondo",-1.2482034374189,0.390366784748721
79,147,0.562154828,"New Orleans Pelicans",4.078845,5,"Solomon Hill","$12,236,535.00 ",2017,"Non-rookie",-2.893633486,245,203524,"Solomon Hill",0.327652739874254,0.295106881528153
80,148,0.562154828,"New Orleans Pelicans",0.705651667,5,"Tony Allen","$2,116,955.00 ",2017,"Non-rookie",-1.386439355,284,2754,"Tony Allen",-1.45681995038393,0.41800587550281
81,149,-0.567018304,"Indiana Pacers",3.256607,5,"Al Jefferson","$9,769,821.00 ",2017,"Non-rookie",-1.973212858,475,2744,"Al Jefferson",-0.0430181229386659,0.273040354946919
82,150,-0.567018304,"Indiana Pacers",3.5,5,"Bojan Bogdanovic","$10,500,000.00 ",2017,"Non-rookie",-1.498055125,170,202711,"Bojan Bogdanovic",0.0857406283759923,0.269862982827183
83,151,-0.567018304,"Indiana Pacers",2.543333333,5,"Cory Joseph","$7,630,000.00 ",2017,"Non-rookie",-3.865759661,169,202709,"Cory Joseph",-0.420351188016738,0.294335058084723
84,152,-0.567018304,"Indiana Pacers",0.705651667,5,"Damien Wilkins","$2,116,955.00 ",2017,"Non-rookie",-0.852361105,277,2863,"Damien Wilkins",-1.39251389042807,0.40747533355451
85,153,-0.567018304,"Indiana Pacers",3.333333333,5,"Darren Collison","$10,000,000.00 ",2017,"Non-rookie",6.387595449,12,201954,"Darren Collison",-0.00242867776139022,0.271800597604485
86,158,-0.567018304,"Indiana Pacers",1.393333333,5,"Lance Stephenson","$4,180,000.00 ",2017,"Non-rookie",-0.886756572,339,202362,"Lance Stephenson",-1.02871939914794,0.358020586930503
87,160,-0.567018304,"Indiana Pacers",4.932116,5,"Thaddeus Young","$14,796,348.00 ",2017,"Non-rookie",-0.628089211,0,201152,"Thaddeus Young",0.84335267103023,0.295611332572364
88,161,-0.567018304,"Indiana Pacers",7,5,"Victor Oladipo","$21,000,000.00 ",2017,"Non-rookie",9.613063744,1,203506,"Victor Oladipo",1.93729605355791,0.427716490571461
89,162,-1.813798095,"Denver Nuggets",2.488304,5,"Darrell Arthur","$7,464,912.00 ",2017,"Non-rookie",-0.88280655,424,201589,"Darrell Arthur",-0.378458853863784,0.294516060838293
90,166,-1.813798095,"Denver Nuggets",1.578683333,5,"Jameer Nelson","$4,736,050.00 ",2017,"Non-rookie",-7.247404026,301,2749,"Jameer Nelson",-0.859662591247055,0.346122675503524
91,168,-1.813798095,"Denver Nuggets",4.307116,5,"Kenneth Faried","$12,921,348.00 ",2017,"Non-rookie",-0.995160843,313,202702,"Kenneth Faried",0.583721496417924,0.267835796537358
92,170,-1.813798095,"Denver Nuggets",4.680365333,5,"Mason Plumlee","$14,041,096.00 ",2017,"Non-rookie",-7.768498585,471,203486,"Mason Plumlee",0.78117630426412,0.277637457315765
93,172,-1.813798095,"Denver Nuggets",10.423077,5,"Paul Millsap","$31,269,231.00 ",2017,"Non-rookie",2.884274343,489,200794,"Paul Millsap",3.81916171634679,0.721821170587381
94,177,-1.813798095,"Denver Nuggets",1.177777667,5,"Will Barton","$3,533,333.00 ",2017,"Non-rookie",4.286903762,33,203115,"Will Barton",-1.07174803720947,0.373875295862998
95,178,-1.813798095,"Denver Nuggets",4.005618,5,"Wilson Chandler","$12,016,854.00 ",2017,"Non-rookie",-7.77543657,121,201163,"Wilson Chandler",0.424224279966068,0.263651664246492
96,179,-2.37472787,"Washington Wizards",7.925168667,5,"Bradley Beal","$23,775,506.00 ",2017,"Non-rookie",3.288229817,57,203078,"Bradley Beal",2.52967342876094,0.493839292807113
97,181,-2.37472787,"Washington Wizards",5.553880333,5,"Ian Mahinmi","$16,661,641.00 ",2017,"Non-rookie",-0.488784364,73,101133,"Ian Mahinmi",1.27522434890714,0.319211247776117
98,182,-2.37472787,"Washington Wizards",1.741666667,5,"Jason Smith","$5,225,000.00 ",2017,"Non-rookie",-6.830056658,254,201160,"Jason Smith",-0.741497049731415,0.34115670331434
99,183,-2.37472787,"Washington Wizards",1.096666667,5,"Jodie Meeks","$3,290,000.00 ",2017,"Non-rookie",-3.076912456,485,201975,"Jodie Meeks",-1.08271226380065,0.385285793590482
100,184,-2.37472787,"Washington Wizards",6.021283333,5,"John Wall","$18,063,850.00 ",2017,"Non-rookie",5.649190039,392,202322,"John Wall",1.5224879375918,0.347444703521776
101,185,-2.37472787,"Washington Wizards",4.260869667,5,"Marcin Gortat","$12,782,609.00 ",2017,"Non-rookie",-2.594445396,279,101162,"Marcin Gortat",0.591201230778462,0.27067960528342
102,186,-2.37472787,"Washington Wizards",2.666666667,5,"Markieff Morris","$8,000,000.00 ",2017,"Non-rookie",-7.28155908,55,202693,"Markieff Morris",-0.252157401647622,0.292180360900531
103,187,-2.37472787,"Washington Wizards",0.569846,5,"Mike Scott","$1,709,538.00 ",2017,"Non-rookie",1.059685167,213,203118,"Mike Scott",-1.3614087392526,0.425424495352937
104,190,-5.382403139,"Los Angeles Clippers",3.941666667,5,"Austin Rivers","$11,825,000.00 ",2017,"Non-rookie",0.807119444,232,203085,"Austin Rivers",0.593623963496528,0.351693450586162
105,191,-5.382403139,"Los Angeles Clippers",9.837633333,5,"Blake Griffin","$29,512,900.00 ",2017,"Non-rookie",4.258515979,72,201933,"Blake Griffin",3.71268369696055,0.687554066427057
106,193,-5.382403139,"Los Angeles Clippers",6.853199667,5,"Danilo Gallinari","$20,559,599.00 ",2017,"Non-rookie",-1.031592604,180,201568,"Danilo Gallinari",2.13387102685258,0.454500593749781
107,194,-5.382403139,"Los Angeles Clippers",7.54745,5,"DeAndre Jordan","$22,642,350.00 ",2017,"Non-rookie",2.509292874,513,201599,"DeAndre Jordan",2.50114044699559,0.50210829411764
108,196,-5.382403139,"Los Angeles Clippers",2.333333333,5,"Lou Williams","$7,000,000.00 ",2017,"Non-rookie",2.933650332,289,101150,"Lou Williams",-0.257209839380222,0.390849796417915
109,197,-5.382403139,"Los Angeles Clippers",2,5,"Milos Teodosic","$6,000,000.00 ",2017,"Non-rookie",-2.062912208,318,1628462,"Milos Teodosic",-0.433548451125971,0.406761009479235
110,199,-5.382403139,"Los Angeles Clippers",1.837838,5,"Patrick Beverley","$5,513,514.00 ",2017,"Non-rookie",0.189135622,454,201976,"Patrick Beverley",-0.5193347170855,0.415278132961955
111,202,-5.382403139,"Los Angeles Clippers",1.96042,5,"Wesley Johnson","$5,881,260.00 ",2017,"Non-rookie",-3.38825694,389,202325,"Wesley Johnson",-0.4544868979056,0.408795105243356
112,204,-1.065368971,"Charlotte Hornets",4.194756667,5,"Cody Zeller","$12,584,270.00 ",2017,"Non-rookie",3.07207469,189,203469,"Cody Zeller",0.481658823278439,0.267665295191413
113,206,-1.065368971,"Charlotte Hornets",7.833333333,5,"Dwight Howard","$23,500,000.00 ",2017,"Non-rookie",-2.183059139,51,2730,"Dwight Howard",2.40652349924205,0.491025036558267
114,208,-1.065368971,"Charlotte Hornets",2.333333333,5,"Jeremy Lamb","$7,000,000.00 ",2017,"Non-rookie",4.688295757,53,203087,"Jeremy Lamb",-0.503063597472395,0.300631696414805
115,209,-1.065368971,"Charlotte Hornets",0.508101667,5,"Julyan Stone","$1,524,305.00 ",2017,"Non-rookie",1.055285401,419,202933,"Julyan Stone",-1.46864005272843,0.421952630069981
116,210,-1.065368971,"Charlotte Hornets",4,5,"Kemba Walker","$12,000,000.00 ",2017,"Non-rookie",10.26419886,50,202689,"Kemba Walker",0.378629462314382,0.265070292981789
117,212,-1.065368971,"Charlotte Hornets",4.389583333,5,"Marvin Williams","$13,168,750.00 ",2017,"Non-rookie",-0.999907005,413,101107,"Marvin Williams",0.584725214821984,0.271678625898787
118,213,-1.065368971,"Charlotte Hornets",0.9,5,"Michael Carter-Williams","$2,700,000.00 ",2017,"Non-rookie",-1.334039355,506,203487,"Michael Carter-Williams",-1.26131962856103,0.391710232097182
119,214,-1.065368971,"Charlotte Hornets",4.333333333,5,"Michael Kidd-Gilchrist","$13,000,000.00 ",2017,"Non-rookie",-0.833412405,228,203077,"Michael Kidd-Gilchrist",0.554968074060131,0.270377616198347
120,215,-1.065368971,"Charlotte Hornets",7.478261,5,"Nicolas Batum","$22,434,783.00 ",2017,"Non-rookie",-0.549326856,361,201587,"Nicolas Batum",2.21868461224258,0.461045117642406
121,218,-1.904907009,"Miami Heat",3.666666667,5,"Dion Waiters","$11,000,000.00 ",2017,"Non-rookie",-2.126047891,285,203079,"Dion Waiters",0.250102281674182,0.263587939941022
122,219,-1.904907009,"Miami Heat",5.666816667,5,"Goran Dragic","$17,000,450.00 ",2017,"Non-rookie",5.900101111,83,201609,"Goran Dragic",1.30821330558207,0.324079989384091
123,220,-1.904907009,"Miami Heat",7.925168667,5,"Hassan Whiteside","$23,775,506.00 ",2017,"Non-rookie",-1.297057332,217,202355,"Hassan Whiteside",2.50291727631648,0.494168516521732
124,221,-1.904907009,"Miami Heat",4.651333333,5,"James Johnson","$13,954,000.00 ",2017,"Non-rookie",-0.247584241,495,201949,"James Johnson",0.771006540939352,0.276915916012502
125,225,-1.904907009,"Miami Heat",3.535723,5,"Kelly Olynyk","$10,607,169.00 ",2017,"Non-rookie",4.87680355,405,203482,"Kelly Olynyk",0.180831008237877,0.264622274558364
126,228,-1.904907009,"Miami Heat",1.96042,5,"Tyler Johnson","$5,881,260.00 ",2017,"Non-rookie",2.281766645,262,204020,"Tyler Johnson",-0.652529224892224,0.322919197847013
127,229,-1.904907009,"Miami Heat",0.776217333,5,"Udonis Haslem","$2,328,652.00 ",2017,"Non-rookie",-2.550584504,403,2617,"Udonis Haslem",-1.27899118849187,0.404569384224612
128,230,-1.904907009,"Miami Heat",2.09,5,"Wayne Ellington","$6,270,000.00 ",2017,"Non-rookie",2.93453736,85,201961,"Wayne Ellington",-0.583979352893632,0.315484044506632
129,232,-0.860694254,"Milwaukee Bucks",0.525743333,5,"DeAndre Liggins","$1,577,230.00 ",2017,"Non-rookie",-6.03408048,164,202732,"DeAndre Liggins",-1.47096349375307,0.420620548539246
130,234,-0.860694254,"Milwaukee Bucks",4.833333333,5,"Eric Bledsoe","$14,500,000.00 ",2017,"Non-rookie",4.762684236,24,202339,"Eric Bledsoe",0.807819830235325,0.287776085564503
131,235,-0.860694254,"Milwaukee Bucks",7.490636667,5,"Giannis Antetokounmpo","$22,471,910.00 ",2017,"Non-rookie",0.75321236,433,203507,"Giannis Antetokounmpo",2.21357537435581,0.464060892018668
132,236,-0.860694254,"Milwaukee Bucks",2.260797333,5,"Jabari Parker","$6,782,392.00 ",2017,"Non-rookie",-7.96006342,352,203953,"Jabari Parker",-0.553092451843474,0.305044539888643
133,237,-0.860694254,"Milwaukee Bucks",0.776217333,5,"Jason Terry","$2,328,652.00 ",2017,"Non-rookie",3.293540483,150,1891,"Jason Terry",-1.33845878130535,0.401229277025256
134,238,-0.860694254,"Milwaukee Bucks",3.807512,5,"John Henson","$11,422,536.00 ",2017,"Non-rookie",2.250638806,400,203089,"John Henson",0.265144100411468,0.265627766139694
135,239,-0.860694254,"Milwaukee Bucks",4.7,5,"Khris Middleton","$14,100,000.00 ",2017,"Non-rookie",3.91325507,173,203114,"Khris Middleton",0.737284385642829,0.282836566887817
136,241,-0.860694254,"Milwaukee Bucks",3.2025,5,"Matthew Dellavedova","$9,607,500.00 ",2017,"Non-rookie",0.528918565,25,203521,"Matthew Dellavedova",-0.0549168284171504,0.271089963201703
137,242,-0.860694254,"Milwaukee Bucks",3.5,5,"Mirza Teletovic","$10,500,000.00 ",2017,"Non-rookie",3.07257348,288,203141,"Mirza Teletovic",0.102465382723313,0.266657271246191
138,246,-0.860694254,"Milwaukee Bucks",3.273809667,5,"Tony Snell","$9,821,429.00 ",2017,"Non-rookie",-1.770057643,210,203503,"Tony Snell",-0.0171928853309316,0.269726365135597
139,247,0.16488799,"Detroit Pistons",7.925168667,5,"Andre Drummond","$23,775,506.00 ",2017,"Non-rookie",-3.476352064,139,203083,"Andre Drummond",2.38504309251768,0.515139931643012
140,248,0.16488799,"Detroit Pistons",1.096666667,5,"Anthony Tolliver","$3,290,000.00 ",2017,"Non-rookie",-2.290586659,140,201229,"Anthony Tolliver",-1.22734260004392,0.384989931665321
141,250,0.16488799,"Detroit Pistons",2.936329667,5,"Avery Bradley","$8,808,989.00 ",2017,"Non-rookie",-0.331848772,91,202340,"Avery Bradley",-0.254131740570645,0.292006411543817
142,251,0.16488799,"Detroit Pistons",2.333333333,5,"Boban Marjanovic","$7,000,000.00 ",2017,"Non-rookie",6.088964032,159,1626246,"Boban Marjanovic",-0.573126350165647,0.313403716629816
143,254,0.16488799,"Detroit Pistons",2,5,"Ish Smith","$6,000,000.00 ",2017,"Non-rookie",0.667964702,484,202397,"Ish Smith",-0.749464961911396,0.329540488182654
144,255,0.16488799,"Detroit Pistons",3.499106333,5,"Jon Leuer","$10,497,319.00 ",2017,"Non-rookie",-2.179230577,276,202720,"Jon Leuer",0.0435860277430964,0.28272555364264
145,256,0.16488799,"Detroit Pistons",1.8,5,"Josh Smith","$5,400,000.00 ",2017,"Non-rookie",-3.250123837,456,2746,"Josh Smith",-0.855268129064649,0.340470844335617
146,258,0.16488799,"Detroit Pistons",2.222222333,5,"Langston Galloway","$6,666,667.00 ",2017,"Non-rookie",0.574879686,138,204038,"Langston Galloway",-0.631905828693473,0.318474436245062
147,260,0.16488799,"Detroit Pistons",0.833333333,5,"Reggie Bullock","$2,500,000.00 ",2017,"Non-rookie",0.245639898,92,203493,"Reggie Bullock",-1.36665010381504,0.403646882792989
148,261,0.16488799,"Detroit Pistons",5.333333333,5,"Reggie Jackson","$16,000,000.00 ",2017,"Non-rookie",10.19988342,256,202704,"Reggie Jackson",1.01392115713314,0.328367008899891
149,263,0.16488799,"Detroit Pistons",5.333333333,5,"Tobias Harris","$16,000,000.00 ",2017,"Non-rookie",4.061369692,146,202699,"Tobias Harris",1.01392115713314,0.328367008899891
150,264,5.179052184,"Los Angeles Lakers",0.776217333,5,"Andrew Bogut","$2,328,652.00 ",2017,"Non-rookie",-0.136732997,294,101106,"Andrew Bogut",-1.68242046933481,0.553208795778527
151,267,5.179052184,"Los Angeles Lakers",7.54745,5,"Brook Lopez","$22,642,350.00 ",2017,"Non-rookie",0.255920758,46,201572,"Brook Lopez",1.89966883916602,0.645019532772356
152,268,5.179052184,"Los Angeles Lakers",2.526455333,5,"Corey Brewer","$7,579,366.00 ",2017,"Non-rookie",-6.191113396,366,201147,"Corey Brewer",-0.756516850974936,0.493942123341355
153,270,5.179052184,"Los Angeles Lakers",3.854166667,5,"Jordan Clarkson","$11,562,500.00 ",2017,"Non-rookie",1.2394471,248,203903,"Jordan Clarkson",-0.054136529962586,0.488859239356979
154,273,5.179052184,"Los Angeles Lakers",5.915298,5,"Kentavious Caldwell-Pope","$17,745,894.00 ",2017,"Non-rookie",-0.917524447,158,203484,"Kentavious Caldwell-Pope",1.03623458478844,0.550597210470425
156,276,5.179052184,"Los Angeles Lakers",5.73,5,"Luol Deng","$17,190,000.00 ",2017,"Non-rookie",1.761128843,453,2736,"Luol Deng",0.938209008452624,0.542041117508577
157,280,1.412858355,"Dallas Mavericks",1.467515333,5,"Devin Harris","$4,402,546.00 ",2017,"Non-rookie",4.264047536,260,2734,"Devin Harris",-1.10222930861909,0.384877908084279
158,281,1.412858355,"Dallas Mavericks",1.666666667,5,"Dirk Nowitzki","$5,000,000.00 ",2017,"Non-rookie",-0.22813839,430,1717,"Dirk Nowitzki",-0.996875099219116,0.37387754405331
159,283,1.412858355,"Dallas Mavericks",3.001041667,5,"Dwight Powell","$9,003,125.00 ",2017,"Non-rookie",-2.923317102,68,203939,"Dwight Powell",-0.290969593368508,0.323932388740739
160,285,1.412858355,"Dallas Mavericks",7.704001333,5,"Harrison Barnes","$23,112,004.00 ",2017,"Non-rookie",-2.475128861,165,203084,"Harrison Barnes",2.19697054491551,0.523914857351593
161,288,1.412858355,"Dallas Mavericks",2.007058333,5,"Josh McRoberts","$6,021,175.00 ",2017,"Non-rookie",0.076427715,512,201177,"Josh McRoberts",-0.816802517542255,0.356944813413984
162,290,1.412858355,"Dallas Mavericks",1.395866333,5,"Nerlens Noel","$4,187,599.00 ",2017,"Non-rookie",-2.06748149,219,203457,"Nerlens Noel",-1.14013276423591,0.389016289675803
163,292,1.412858355,"Dallas Mavericks",5.961392,5,"Wesley Matthews","$17,884,176.00 ",2017,"Non-rookie",-4.437513315,67,202083,"Wesley Matthews",1.27510261220442,0.398167199093293
164,294,2.742011328,"New York Knicks",3.915963333,5,"Courtney Lee","$11,747,890.00 ",2017,"Non-rookie",-2.472122791,87,201584,"Courtney Lee",0.117343606500682,0.372237426458467
165,297,2.742011328,"New York Knicks",6.855600667,5,"Enes Kanter","$20,566,802.00 ",2017,"Non-rookie",-2.779447988,177,202683,"Enes Kanter",1.6724583075964,0.501447934375134
166,299,2.742011328,"New York Knicks",0.776217333,5,"Jarrett Jack","$2,328,652.00 ",2017,"Non-rookie",-0.014790557,196,101127,"Jarrett Jack",-1.5436317477831,0.463194323280869
167,300,2.742011328,"New York Knicks",5.921666667,5,"Joakim Noah","$17,765,000.00 ",2017,"Non-rookie",-1.813797059,528,201149,"Joakim Noah",1.17839243203587,0.443051693499376
168,302,2.742011328,"New York Knicks",2.218441667,5,"Lance Thomas","$6,655,325.00 ",2017,"Non-rookie",-6.198749689,175,202498,"Lance Thomas",-0.780672236369647,0.392979588038685
169,304,2.742011328,"New York Knicks",0.705651667,5,"Michael Beasley","$2,116,955.00 ",2017,"Non-rookie",2.810984078,88,201563,"Michael Beasley",-1.58096210255849,0.467535735976839
170,307,2.742011328,"New York Knicks",0.776217333,5,"Ramon Sessions","$2,328,652.00 ",2017,"Non-rookie",-1.825783082,236,201196,"Ramon Sessions",-1.5436317477831,0.463194323280869
171,310,5.629013734,"Brooklyn Nets",6.444166667,5,"Allen Crabbe","$19,332,500.00 ",2017,"Non-rookie",0.369911506,98,203459,"Allen Crabbe",1.29038931383496,0.598909697032978
172,312,5.629013734,"Brooklyn Nets",4.933333333,5,"DeMarre Carroll","$14,800,000.00 ",2017,"Non-rookie",0.229556741,184,201960,"DeMarre Carroll",0.491134554945424,0.534586583900791
173,315,5.629013734,"Brooklyn Nets",4,5,"Jeremy Lin","$12,000,000.00 ",2017,"Non-rookie",1.024451967,539,202391,"Jeremy Lin",-0.00261355826008325,0.514036520030426
174,317,5.629013734,"Brooklyn Nets",0.569846,5,"Quincy Acy","$1,709,538.00 ",2017,"Non-rookie",0.852156433,125,203112,"Quincy Acy",-1.81721934337707,0.582381872563526
175,321,5.629013734,"Brooklyn Nets",5.093333333,5,"Timofey Mozgov","$15,280,000.00 ",2017,"Non-rookie",0.814402042,469,202389,"Timofey Mozgov",0.575777088668026,0.539702151174871
176,322,5.629013734,"Brooklyn Nets",3.041666667,5,"Trevor Booker","$9,125,000.00 ",2017,"Non-rookie",-1.234559951,41,202344,"Trevor Booker",-0.509587067359747,0.510661795690148
177,323,5.629013734,"Brooklyn Nets",0.569846,5,"Tyler Zeller","$1,709,538.00 ",2017,"Non-rookie",2.499155092,458,203092,"Tyler Zeller",-1.81721934337707,0.582381872563526
178,325,5.497607056,"Orlando Magic",0.776217333,5,"Arron Afflalo","$2,328,652.00 ",2017,"Non-rookie",-3.231234592,200,201167,"Arron Afflalo",-1.70056207058047,0.566828484265568
179,327,5.497607056,"Orlando Magic",5.666666667,5,"Bismack Biyombo","$17,000,000.00 ",2017,"Non-rookie",-7.137349664,500,202687,"Bismack Biyombo",0.886563071118101,0.554960489899129
180,328,5.497607056,"Orlando Magic",2.416666667,5,"D.J. Augustin","$7,250,000.00 ",2017,"Non-rookie",3.115739704,18,201571,"D.J. Augustin",-0.832738395122255,0.511787234078296
181,330,5.497607056,"Orlando Magic",5.666666667,5,"Evan Fournier","$17,000,000.00 ",2017,"Non-rookie",9.961285517,154,203095,"Evan Fournier",0.886563071118101,0.554960489899129
182,332,5.497607056,"Orlando Magic",2.1,5,"Jonathon Simmons","$6,300,000.00 ",2017,"Non-rookie",0.355847963,116,203613,"Jonathon Simmons",-1.00026007662458,0.518719194967889
183,335,5.497607056,"Orlando Magic",0.705651667,5,"Marreese Speights","$2,116,955.00 ",2017,"Non-rookie",4.687855192,183,201578,"Marreese Speights",-1.73789242535587,0.570168109720361
184,336,5.497607056,"Orlando Magic",4.083333333,5,"Nikola Vucevic","$12,250,000.00 ",2017,"Non-rookie",-0.82929759,17,202696,"Nikola Vucevic",0.0489546641355063,0.50830035686835
185,337,5.497607056,"Orlando Magic",2,5,"Shelvin Mack","$6,000,000.00 ",2017,"Non-rookie",-4.750145989,330,202714,"Shelvin Mack",-1.0531616602012,0.521300776867338
186,338,5.497607056,"Orlando Magic",3.5,5,"Terrence Ross","$10,500,000.00 ",2017,"Non-rookie",3.321098105,278,203082,"Terrence Ross",-0.259637906551808,0.503096921359284
187,340,-1.934503325,"Memphis Grizzlies",1.733333333,5,"Ben McLemore","$5,200,000.00 ",2017,"Non-rookie",-6.647422272,141,203463,"Ben McLemore",-0.770976166801799,0.337030218662007
188,341,-1.934503325,"Memphis Grizzlies",1.985253333,5,"Brandan Wright","$5,955,760.00 ",2017,"Non-rookie",2.203205264,160,201148,"Brandan Wright",-0.637706497455562,0.321700377533208
189,342,-1.934503325,"Memphis Grizzlies",7.704001333,5,"Chandler Parsons","$23,112,004.00 ",2017,"Non-rookie",-6.19190716,488,202718,"Chandler Parsons",2.38760175530108,0.475259647711668
190,346,-1.934503325,"Memphis Grizzlies",2.844444333,5,"JaMychal Green","$8,533,333.00 ",2017,"Non-rookie",-6.358797668,127,203210,"JaMychal Green",-0.183180852507711,0.280858124903494
191,348,-1.934503325,"Memphis Grizzlies",7.54745,5,"Marc Gasol","$22,642,350.00 ",2017,"Non-rookie",6.637620254,20,201188,"Marc Gasol",2.30478362103377,0.462119582104246
192,349,-1.934503325,"Memphis Grizzlies",0.702135667,5,"Mario Chalmers","$2,106,407.00 ",2017,"Non-rookie",1.173825613,128,201596,"Mario Chalmers",-1.31649606192101,0.410549123658703
193,350,-1.934503325,"Memphis Grizzlies",9.510202667,5,"Mike Conley","$28,530,608.00 ",2017,"Non-rookie",6.388901744,385,201144,"Mike Conley",3.34311086356923,0.635993785083041
194,351,-1.934503325,"Memphis Grizzlies",1.096666667,5,"Tyreke Evans","$3,290,000.00 ",2017,"Non-rookie",3.96282016,281,201936,"Tyreke Evans",-1.10778291522031,0.380704663300528
195,357,2.167864662,"Sacramento Kings",3.156871333,5,"Bogdan Bogdanovic","$9,470,614.00 ",2017,"Non-rookie",1.30709191,360,203992,"Bogdan Bogdanovic",-0.251530607592384,0.348635438527686
196,360,2.167864662,"Sacramento Kings",2.666666667,5,"Garrett Temple","$8,000,000.00 ",2017,"Non-rookie",6.866803426,346,202066,"Garrett Temple",-0.510856638672896,0.357843514292449
197,361,2.167864662,"Sacramento Kings",6.666666667,5,"George Hill","$20,000,000.00 ",2017,"Non-rookie",3.599486051,252,201588,"George Hill",1.60520670439216,0.468553951710651
198,364,2.167864662,"Sacramento Kings",2.797666667,5,"Kosta Koufos","$8,393,000.00 ",2017,"Non-rookie",-1.918978747,133,201585,"Kosta Koufos",-0.441555564187515,0.354723777707405
199,367,2.167864662,"Sacramento Kings",2.666666667,5,"Vince Carter","$8,000,000.00 ",2017,"Non-rookie",-3.369290982,10,1713,"Vince Carter",-0.510856638672896,0.357843514292449
200,369,2.167864662,"Sacramento Kings",4.102564,5,"Zach Randolph","$12,307,692.00 ",2017,"Non-rookie",0.532480233,44,2216,"Zach Randolph",0.248755789018648,0.350685577360008
201,372,-0.824932591,"Chicago Bulls",2.6145,5,"Cristiano Felicio","$7,843,500.00 ",2017,"Non-rookie",-9.322609187,171,1626245,"Cristiano Felicio",-0.368014755473632,0.289306044529547
202,375,-0.824932591,"Chicago Bulls",5.183333333,5,"Dwyane Wade","$15,550,000.00 ",2017,"Non-rookie",0.39544599,292,2548,"Dwyane Wade",0.990938757127598,0.303654467329652
203,385,-0.824932591,"Chicago Bulls",4.166666667,5,"Nikola Mirotic","$12,500,000.00 ",2017,"Non-rookie",2.375536914,104,202703,"Nikola Mirotic",0.453105991117908,0.26942242688043
204,387,-0.824932591,"Chicago Bulls",1.284643667,5,"Quincy Pondexter","$3,853,931.00 ",2017,"Non-rookie",0.677164153,295,202347,"Quincy Pondexter",-1.07152981492469,0.36425903676658
205,390,-0.824932591,"Chicago Bulls",4.596166667,5,"Robin Lopez","$13,788,500.00 ",2017,"Non-rookie",2.431857945,77,201577,"Robin Lopez",0.680318292579518,0.279783988174886
206,392,4.014177796,"Phoenix Suns",2,5,"Alan Williams","$6,000,000.00 ",2017,"Non-rookie",-4.630131124,253,1626210,"Alan Williams",-0.968680823533687,0.452693482036681
207,393,4.014177796,"Phoenix Suns",1.395866333,5,"Alex Len","$4,187,599.00 ",2017,"Non-rookie",-4.982462991,66,203458,"Alex Len",-1.28827710029623,0.476082763936025
208,397,4.014177796,"Phoenix Suns",5.961392,5,"Greg Monroe","$17,884,176.00 ",2017,"Non-rookie",-5.894250217,426,202328,"Greg Monroe",1.1269582761441,0.498731283836723
209,398,4.014177796,"Phoenix Suns",3.333333333,5,"Jared Dudley","$10,000,000.00 ",2017,"Non-rookie",-1.177692996,166,201162,"Jared Dudley",-0.263326376021675,0.42847374716207
210,404,4.014177796,"Phoenix Suns",4.333333333,5,"Tyson Chandler","$13,000,000.00 ",2017,"Non-rookie",-4.128777381,401,2199,"Tyson Chandler",0.265689459744588,0.437734870771665
211,408,-3.979408403,"Toronto Raptors ",9.246658333,5,"DeMar DeRozan","$27,739,975.00 ",2017,"Non-rookie",1.929728957,411,201942,"DeMar DeRozan",3.32014844796757,0.618049511128233
212,411,-3.979408403,"Toronto Raptors ",5.153558333,5,"Jonas Valanciunas","$15,460,675.00 ",2017,"Non-rookie",4.103626476,319,202685,"Jonas Valanciunas",1.15483373059268,0.326050433948223
213,412,-3.979408403,"Toronto Raptors ",9.567901333,5,"Kyle Lowry","$28,703,704.00 ",2017,"Non-rookie",6.501359444,5,200768,"Kyle Lowry",3.49009108209663,0.646702802499473
214,417,-3.979408403,"Toronto Raptors ",6.687243,5,"Serge Ibaka","$20,061,729.00 ",2017,"Non-rookie",-4.594618479,229,201586,"Serge Ibaka",1.96617720650759,0.411317790787067
215,420,-5.695697826,"Cleveland Cavaliers",2.473637333,5,"Channing Frye","$7,420,912.00 ",2017,"Non-rookie",3.707409524,334,101112,"Channing Frye",-0.165144766218914,0.39752279088249
216,421,-5.695697826,"Cleveland Cavaliers",0.705651667,5,"Derrick Rose","$2,116,955.00 ",2017,"Non-rookie",4.97659484,145,201565,"Derrick Rose",-1.10043718094068,0.4970326125459
217,424,-5.695697826,"Cleveland Cavaliers",3.445693,5,"Iman Shumpert","$10,337,079.00 ",2017,"Non-rookie",2.140110002,275,202697,"Iman Shumpert",0.349088074870423,0.369472525980051
218,425,-5.695697826,"Cleveland Cavaliers",2.087131667,5,"Isaiah Thomas","$6,261,395.00 ",2017,"Non-rookie",5.965407247,322,202738,"Isaiah Thomas",-0.369612384146301,0.414712158656247
219,426,-5.695697826,"Cleveland Cavaliers",2.265372333,5,"Jae Crowder","$6,796,117.00 ",2017,"Non-rookie",1.267572219,106,203109,"Jae Crowder",-0.275320249254775,0.406405326821199
220,427,-5.695697826,"Cleveland Cavaliers",0.705651667,5,"Jeff Green","$2,116,955.00 ",2017,"Non-rookie",-0.840384298,257,201145,"Jeff Green",-1.10043718094068,0.4970326125459
221,428,-5.695697826,"Cleveland Cavaliers",0.776217333,5,"Jose Calderon","$2,328,652.00 ",2017,"Non-rookie",1.954301369,490,101181,"Jose Calderon",-1.06310682616528,0.492194074434633
222,429,-5.695697826,"Cleveland Cavaliers",7.54745,5,"Kevin Love","$22,642,350.00 ",2017,"Non-rookie",2.785064054,259,201567,"Kevin Love",2.51898248233554,0.509941265683889
223,430,-5.695697826,"Cleveland Cavaliers",2.333333333,5,"Kyle Korver","$7,000,000.00 ",2017,"Non-rookie",7.659041704,108,2594,"Kyle Korver",-0.239367804040264,0.403406586157528
224,431,-5.695697826,"Cleveland Cavaliers",11.09523633,5,"LeBron James","$33,285,709.00 ",2017,"Non-rookie",1.156623438,107,2544,"LeBron James",4.39581763282062,0.803964643245082
225,432,-5.695697826,"Cleveland Cavaliers",5.466666667,5,"Tristan Thompson","$16,400,000.00 ",2017,"Non-rookie",1.154259843,425,202684,"Tristan Thompson",1.41821514838004,0.392517304016617
226,435,0,"Atlanta Hawks",5.166666667,5,"Dennis Schroder","$15,500,000.00 ",2017,"Non-rookie",0.869136775,224,203471,"Dennis Schroder",0.935142171459293,0.316437694543475
227,436,0,"Atlanta Hawks",2,5,"Dewayne Dedmon","$6,000,000.00 ",2017,"Non-rookie",6.452420675,364,203473,"Dewayne Dedmon",-0.740074641976879,0.327040040317726
228,437,0,"Atlanta Hawks",2,5,"Ersan Ilyasova","$6,000,000.00 ",2017,"Non-rookie",3.021736354,396,101141,"Ersan Ilyasova",-0.740074641976879,0.327040040317726
229,441,0,"Atlanta Hawks",0.016666667,5,"Jeremy Evans","$50,000.00 ",2017,"Non-rookie",-0.210378243,382,202379,"Jeremy Evans",-1.78928938273696,0.465201030726128
230,443,0,"Atlanta Hawks",5.636704333,5,"Kent Bazemore","$16,910,113.00 ",2017,"Non-rookie",-2.334111245,61,203145,"Kent Bazemore",1.18379954017991,0.341647703464044
231,444,0,"Atlanta Hawks",0.658053,5,"Luke Babbitt","$1,974,159.00 ",2017,"Non-rookie",0.811681084,148,202337,"Luke Babbitt",-1.44998585573591,0.414911502909337
232,446,0,"Atlanta Hawks",2.20202,5,"Marco Belinelli","$6,606,060.00 ",2017,"Non-rookie",0.575607054,94,201158,"Marco Belinelli",-0.633202862835378,0.316784451246037
233,448,0,"Atlanta Hawks",4.166666667,5,"Miles Plumlee","$12,500,000.00 ",2017,"Non-rookie",3.482543232,447,203101,"Miles Plumlee",0.40612633569303,0.282798978540652
234,452,0,"Atlanta Hawks",0.833333333,5,"Richard Jefferson","$2,500,000.00 ",2017,"Non-rookie",-5.69233042,34,2210,"Richard Jefferson",-1.35725978388052,0.401907942965333
