,rating,Team,Type,mu,sd,name,player_id,index,player_name,coefs
0,4.23982463177234,Orlando Magic,Rookie,0.46968000000000004,5,Ryan Anderson,201583.0,190,Ryan Anderson,1.7661986448386902
1,4.23982463177234,Orlando Magic,Rookie,0.6329199999999999,5,Earl Clark,201947.0,370,Earl Clark,-3.1134697855199907
2,2.2266183009673903,Cleveland Cavaliers,Rookie,0.157868,5,Semih Erden,201623.0,283,Semih Erden,-4.652730867785401
3,2.2266183009673903,Cleveland Cavaliers,Rookie,0.34031999999999996,5,Christian Eyenga,201963.0,205,Christian Eyenga,2.3852212687286176
4,2.2266183009673903,Cleveland Cavaliers,Rookie,0.15991166666666667,5,Alonzo Gee,202087.0,204,Alonzo Gee,-3.9058042367496064
5,2.2266183009673903,Cleveland Cavaliers,Rookie,0.157868,5,Luke Harangody,202376.0,199,Luke Harangody,0.1768442682482143
6,2.2266183009673903,Cleveland Cavaliers,Rookie,0.157868,5,Manny Harris,202412.0,157,Manny Harris,3.5070167814772715
7,2.2266183009673903,Cleveland Cavaliers,Rookie,0.16666666666666666,5,Samardo Samuels,202396.0,251,Samardo Samuels,-5.7637984273936995
8,2.2266183009673903,Cleveland Cavaliers,Rookie,1.32144,5,Ramon Sessions,201196.0,63,Ramon Sessions,-0.9493090863605502
9,2.2266183009673903,Cleveland Cavaliers,Rookie,0.10721733333333333,5,Jawad Williams,101214.0,416,Jawad Williams,-13.147479861534276
10,1.97745199044767,Los Angeles Lakers,Rookie,0.157868,5,Derrick Caracter,202382.0,208,Derrick Caracter,-3.1267516505395605
11,1.97745199044767,Los Angeles Lakers,Rookie,0.157868,5,Devin Ebanks,202365.0,304,Devin Ebanks,-2.260867231657031
12,1.79811123912632,Phoenix Suns,Rookie,0.6722306666666666,5,Aaron Brooks,201166.0,193,Aaron Brooks,7.1086659013499345
13,1.79811123912632,Phoenix Suns,Rookie,0.08079133333333334,5,Zabian Dowdell,202220.0,320,Zabian Dowdell,-0.05594535779337151
14,1.79811123912632,Phoenix Suns,Rookie,0.7170226666666667,5,Jared Dudley,201162.0,85,Jared Dudley,-3.747257342346238
15,1.79811123912632,Phoenix Suns,Rookie,2.10744,5,Marcin Gortat,101162.0,74,Marcin Gortat,-1.3685889483441596
16,1.79811123912632,Phoenix Suns,Rookie,0.15788,5,Gani Lawal,202371.0,201,Gani Lawal,-0.42810007186041105
17,1.79811123912632,Phoenix Suns,Rookie,0.62244,5,Robin Lopez,201577.0,172,Robin Lopez,-3.283991068595455
18,1.79811123912632,Phoenix Suns,Rookie,0.15788,5,Garret Siler,202081.0,152,Garret Siler,-0.4019803772099283
19,1.49742794667877,Utah Jazz,Rookie,0.157868,5,Jeremy Evans,202379.0,256,Jeremy Evans,2.7753186870113193
20,1.49742794667877,Utah Jazz,Rookie,1.37776,5,Derrick Favors,202324.0,292,Derrick Favors,-6.158344100329247
21,1.49742794667877,Utah Jazz,Rookie,0.3625,5,Kyrylo Fesenko,201178.0,312,Kyrylo Fesenko,-6.206976784621036
22,1.49742794667877,Utah Jazz,Rookie,0.7854399999999999,5,Gordon Hayward,202330.0,309,Gordon Hayward,-0.31719594931288686
23,1.04356716543027,San Antonio Spurs,Rookie,0.4538,5,James Anderson,202341.0,227,James Anderson,3.677968277051745
24,1.04356716543027,San Antonio Spurs,Rookie,0.306,5,DeJuan Blair,201971.0,141,DeJuan Blair,-3.440949116547495
25,1.04356716543027,San Antonio Spurs,Rookie,0.38572,5,George Hill,201588.0,202,George Hill,2.9792239324081122
26,1.04356716543027,San Antonio Spurs,Rookie,0.175,5,Gary Neal,202390.0,299,Gary Neal,0.7859182934133848
27,1.04356716543027,San Antonio Spurs,Rookie,0.018572666666666668,5,Larry Owens,202082.0,221,Larry Owens,-6.930190272995752
28,1.04356716543027,San Antonio Spurs,Rookie,1.1333333333333333,5,Tiago Splitter,201168.0,30,Tiago Splitter,-5.703700365954157
29,0.8607358286262009,Boston Celtics,Rookie,0.47272,5,Avery Bradley,202340.0,156,Avery Bradley,-9.844013441220035
30,0.8607358286262009,Boston Celtics,Rookie,1.1,5,Glen Davis,201175.0,72,Glen Davis,3.0783634083889115
31,0.8607358286262009,Boston Celtics,Rookie,1.4853293333333333,5,Jeff Green,201145.0,336,Jeff Green,2.404841610469008
32,0.8607358286262009,Boston Celtics,Rookie,0.045502999999999995,5,Chris Johnson,202419.0,244,Chris Johnson,-1.9876470915741296
33,0.5938333053928211,Denver Nuggets,Rookie,0.6531923333333334,5,Arron Afflalo,201167.0,97,Arron Afflalo,4.162337139298131
34,0.5938333053928211,Denver Nuggets,Rookie,0.7101606666666667,5,Wilson Chandler,201163.0,217,Wilson Chandler,5.528288309824935
35,0.5938333053928211,Denver Nuggets,Rookie,0.157868,5,Gary Forbes,201814.0,276,Gary Forbes,2.6620366404220253
36,0.5938333053928211,Denver Nuggets,Rookie,1.10152,5,Danilo Gallinari,201568.0,52,Danilo Gallinari,3.8214524800148624
37,0.5938333053928211,Denver Nuggets,Rookie,0.45088,5,Kosta Koufos,201585.0,81,Kosta Koufos,-4.841470508860045
38,0.5938333053928211,Denver Nuggets,Rookie,0.51552,5,Ty Lawson,201951.0,421,Ty Lawson,0.14947608453373107
39,0.5938333053928211,Denver Nuggets,Rookie,1.1890319999999999,5,Timofey Mozgov,202389.0,328,Timofey Mozgov,-5.356700240559858
40,0.0273835597512733,Oklahoma City Thunder,Rookie,0.7088399999999999,5,Cole Aldrich,202332.0,405,Cole Aldrich,5.309190162778836
41,0.0273835597512733,Oklahoma City Thunder,Rookie,0.7232856666666667,5,Daequan Cook,201161.0,222,Daequan Cook,2.0631362362214802
42,0.0273835597512733,Oklahoma City Thunder,Rookie,2.0178876666666667,5,Kevin Durant,201142.0,259,Kevin Durant,3.4737929919678336
43,0.0273835597512733,Oklahoma City Thunder,Rookie,1.43484,5,James Harden,201935.0,21,James Harden,2.0011496798435395
44,0.0273835597512733,Oklahoma City Thunder,Rookie,0.4014,5,Serge Ibaka,201586.0,20,Serge Ibaka,-3.7066914501047945
45,0.0273835597512733,Oklahoma City Thunder,Rookie,0.4726,5,Eric Maynor,201953.0,22,Eric Maynor,-1.999985598908041
46,0.0273835597512733,Oklahoma City Thunder,Rookie,0.4014,5,Byron Mullens,201957.0,293,Byron Mullens,-5.645113105110584
47,0.0273835597512733,Oklahoma City Thunder,Rookie,1.33924,5,Russell Westbrook,201566.0,409,Russell Westbrook,1.8036823904345702
48,0.0,Atlanta Hawks,Rookie,1.8149523333333333,5,Al Horford,201143.0,300,Al Horford,0.44759157681177975
49,0.0,Atlanta Hawks,Rookie,0.49228,5,Jeff Teague,201952.0,13,Jeff Teague,-2.0690517581547483
50,-0.781615950778244,Dallas Mavericks,Rookie,0.38536,5,Rodrigue Beaubois,201958.0,237,Rodrigue Beaubois,-2.257100380628776
51,-0.781615950778244,Dallas Mavericks,Rookie,0.37004000000000004,5,Dominique Jones,202346.0,214,Dominique Jones,-0.1170318576567948
52,-0.781615950778244,Dallas Mavericks,Rookie,0.2540653333333333,5,Ian Mahinmi,101133.0,246,Ian Mahinmi,-0.25456290510439494
53,-0.9027477954034,Portland Trailblazers,Rookie,0.54848,5,Luke Babbitt,202337.0,104,Luke Babbitt,-0.7625015608878736
54,-0.9027477954034,Portland Trailblazers,Rookie,0.39892,5,Nicolas Batum,201587.0,348,Nicolas Batum,-3.0704258654014738
55,-0.9027477954034,Portland Trailblazers,Rookie,0.41556000000000004,5,Rudy Fernandez,201164.0,102,Rudy Fernandez,4.137230020681843
56,-0.9027477954034,Portland Trailblazers,Rookie,0.157868,5,Armon Johnson,202356.0,392,Armon Johnson,-3.5216934064403866
57,-0.9027477954034,Portland Trailblazers,Rookie,1.9216666666666664,5,Wesley Matthews,202083.0,101,Wesley Matthews,3.6680038692603905
58,-0.9027477954034,Portland Trailblazers,Rookie,0.3123983333333333,5,Patty Mills,201988.0,153,Patty Mills,2.003760678404481
59,-1.8462680657178403,Miami Heat,Rookie,1.1,5,Joel Anthony,201202.0,180,Joel Anthony,0.3343908038604013
60,-1.8462680657178403,Miami Heat,Rookie,0.2847963333333333,5,Mario Chalmers,201596.0,124,Mario Chalmers,1.3356405471722042
61,-2.25449311294375,Milwaukee Bucks,Rookie,0.3333333333333333,5,Jon Brockman,201972.0,273,Jon Brockman,1.7240185567091464
62,-2.25449311294375,Milwaukee Bucks,Rookie,0.2847963333333333,5,Chris Douglas-Roberts,201604.0,146,Chris Douglas-Roberts,5.01624287390814
63,-2.25449311294375,Milwaukee Bucks,Rookie,0.77704,5,Brandon Jennings,201943.0,423,Brandon Jennings,-1.5439658639361014
64,-2.25449311294375,Milwaukee Bucks,Rookie,0.2847963333333333,5,Luc Mbah a Moute,201601.0,111,Luc Mbah a Moute,-1.917273294499207
65,-2.25449311294375,Milwaukee Bucks,Rookie,0.5773199999999999,5,Larry Sanders,202336.0,110,Larry Sanders,-4.105133048966497
66,-2.25449311294375,Milwaukee Bucks,Rookie,0.032879000000000005,5,Garrett Temple,202066.0,315,Garrett Temple,-3.5272237031748066
67,-2.38318862338914,Charlotte Hornets,Rookie,0.8468,5,D.J. Augustin,201571.0,59,D.J. Augustin,2.7642639130033295
68,-2.38318862338914,Charlotte Hornets,Rookie,0.254065,5,Derrick Brown,201974.0,330,Derrick Brown,1.0887534102010221
69,-2.38318862338914,Charlotte Hornets,Rookie,0.157868,5,Sherron Collins,202395.0,415,Sherron Collins,-1.659444325364257
70,-2.38318862338914,Charlotte Hornets,Rookie,0.254065,5,Dante Cunningham,201967.0,287,Dante Cunningham,-4.5221749231841315
71,-2.38318862338914,Charlotte Hornets,Rookie,0.2947066666666667,5,Dominic McGuire,201187.0,60,Dominic McGuire,-4.282333673045093
72,-3.55198731096608,Houston Rockets,Rookie,0.2602903333333333,5,Chase Budinger,201978.0,343,Chase Budinger,2.033563402674135
73,-3.55198731096608,Houston Rockets,Rookie,0.3618,5,DeMarre Carroll,201960.0,322,DeMarre Carroll,0.299394633214096
74,-3.55198731096608,Houston Rockets,Rookie,0.6573333333333333,5,Goran Dragic,201609.0,143,Goran Dragic,3.758343584202112
75,-3.55198731096608,Houston Rockets,Rookie,0.88984,5,Jordan Hill,201941.0,267,Jordan Hill,-3.3895885886505783
76,-3.55198731096608,Houston Rockets,Rookie,0.46968000000000004,5,Courtney Lee,201584.0,26,Courtney Lee,-1.6923080023191348
77,-3.55198731096608,Houston Rockets,Rookie,0.6077600000000001,5,Patrick Patterson,202335.0,428,Patrick Patterson,-4.283738275124701
78,-3.55198731096608,Houston Rockets,Rookie,1.59776,5,Hasheem Thabeet,201934.0,170,Hasheem Thabeet,-7.611860068721005
79,-3.55198731096608,Houston Rockets,Rookie,0.73816,5,Terrence Williams,201944.0,365,Terrence Williams,4.162444156657198
80,-4.9271585212986,Memphis Grizzlies,Rookie,0.37456,5,Darrell Arthur,201589.0,284,Darrell Arthur,1.971186114019158
81,-4.9271585212986,Memphis Grizzlies,Rookie,1.637669,5,Mike Conley,201144.0,347,Mike Conley,1.5188590539520472
82,-4.9271585212986,Memphis Grizzlies,Rookie,1.16,5,Marc Gasol,201188.0,75,Marc Gasol,2.9139866607578355
83,-4.9271585212986,Memphis Grizzlies,Rookie,0.5333333333333333,5,Hamed Haddadi,201632.0,171,Hamed Haddadi,1.0508645658770293
84,-4.9271585212986,Memphis Grizzlies,Rookie,0.6734,5,Xavier Henry,202333.0,418,Xavier Henry,3.499428265213778
85,-4.9271585212986,Memphis Grizzlies,Rookie,1.4854,5,O.J. Mayo,201564.0,333,O.J. Mayo,0.14218529390242907
86,-4.9271585212986,Memphis Grizzlies,Rookie,0.157868,5,Ish Smith,202397.0,400,Ish Smith,2.2883811955313327
87,-4.9271585212986,Memphis Grizzlies,Rookie,0.34531999999999996,5,Greivis Vasquez,202349.0,139,Greivis Vasquez,-3.023721171335266
88,-4.9271585212986,Memphis Grizzlies,Rookie,0.2953333333333333,5,Sam Young,201970.0,266,Sam Young,-1.001795388469798
89,-5.2566602130235,Chicago Bulls,Rookie,0.5736666666666667,5,Omer Asik,201600.0,135,Omer Asik,-0.5475280138257372
90,-5.2566602130235,Chicago Bulls,Rookie,0.37256,5,Taj Gibson,201959.0,133,Taj Gibson,-5.93263727620756
91,-5.2566602130235,Chicago Bulls,Rookie,1.0428453333333334,5,Joakim Noah,201149.0,398,Joakim Noah,-1.5856674573774683
92,-5.2566602130235,Chicago Bulls,Rookie,1.8487200000000001,5,Derrick Rose,201565.0,253,Derrick Rose,-0.4228904388344734
93,-5.2566602130235,Chicago Bulls,Rookie,1.0333333333333334,5,C.J. Watson,201228.0,155,C.J. Watson,3.047277229630562
94,-5.37245793771178,Toronto Raptors,Rookie,0.48928,5,Alexis Ajinca,201582.0,316,Alexis Ajinca,-4.450343631031193
95,-5.37245793771178,Toronto Raptors,Rookie,0.25666666666666665,5,Solomon Alabi,202374.0,179,Solomon Alabi,-2.0707654275407243
96,-5.37245793771178,Toronto Raptors,Rookie,0.7642,5,Jerryd Bayless,201573.0,67,Jerryd Bayless,-7.301201760682371
97,-5.37245793771178,Toronto Raptors,Rookie,0.63972,5,Ed Davis,202334.0,424,Ed Davis,-6.5816562750788705
98,-5.37245793771178,Toronto Raptors,Rookie,0.81796,5,DeMar DeRozan,201942.0,278,DeMar DeRozan,-1.4084840656873423
99,-5.37245793771178,Toronto Raptors,Rookie,0.2847963333333333,5,Joey Dorsey,201595.0,351,Joey Dorsey,-0.02973556352267792
100,-5.37245793771178,Toronto Raptors,Rookie,0.5712,5,James Johnson,201949.0,375,James Johnson,6.047146790219921
101,-5.37245793771178,Toronto Raptors,Rookie,0.029889999999999996,5,Trey Johnson,201234.0,314,Trey Johnson,-4.336955377832743
102,-5.37245793771178,Toronto Raptors,Rookie,0.2847963333333333,5,Sonny Weems,201603.0,66,Sonny Weems,-4.096248652192749
103,-5.37245793771178,Toronto Raptors,Rookie,0.9526856666666668,5,Julian Wright,201153.0,116,Julian Wright,-3.8943746445035443
104,-5.80622624522781,New Orleans Pelicans,Rookie,0.8333333333333334,5,David Andersen,2431.0,426,David Andersen,-0.8896167270576383
105,-5.80622624522781,New Orleans Pelicans,Rookie,0.7934233333333334,5,Marco Belinelli,201158.0,120,Marco Belinelli,0.2444030030606772
106,-5.80622624522781,New Orleans Pelicans,Rookie,0.3429466666666667,5,Aaron Gray,201189.0,219,Aaron Gray,7.0333470820872925
107,-5.80622624522781,New Orleans Pelicans,Rookie,1.0,5,Carl Landry,201171.0,327,Carl Landry,-2.7188864509846127
108,-5.80622624522781,New Orleans Pelicans,Rookie,0.35775999999999997,5,Quincy Pondexter,202347.0,285,Quincy Pondexter,-0.2869099626138558
109,-5.80622624522781,New Orleans Pelicans,Rookie,0.7293043333333333,5,Jason Smith,201160.0,136,Jason Smith,6.612078965171176
110,-6.65352975573434,Indiana Pacers,Rookie,0.45368,5,Darren Collison,201954.0,40,Darren Collison,-2.804632991429223
111,-6.65352975573434,Indiana Pacers,Rookie,0.74612,5,Paul George,202331.0,404,Paul George,-1.1960610229035105
112,-6.65352975573434,Indiana Pacers,Rookie,0.6662,5,Tyler Hansbrough,201946.0,368,Tyler Hansbrough,-1.0373575428316002
113,-6.65352975573434,Indiana Pacers,Rookie,0.56176,5,Roy Hibbert,201579.0,298,Roy Hibbert,3.3706285741550355
114,-6.65352975573434,Indiana Pacers,Rookie,0.29504,5,Josh McRoberts,201177.0,340,Josh McRoberts,0.07620766328606976
115,-6.65352975573434,Indiana Pacers,Rookie,0.689683,5,Brandon Rush,201575.0,41,Brandon Rush,-5.858311845870059
116,-6.65352975573434,Indiana Pacers,Rookie,0.25,5,Lance Stephenson,202362.0,374,Lance Stephenson,-5.5893811168422
117,-6.80486994974059,Golden State Warriors,Rookie,0.114222,5,Jeff Adrien,202399.0,412,Jeff Adrien,-7.650451315294844
118,-6.80486994974059,Golden State Warriors,Rookie,0.9712799999999999,5,Stephen Curry,201939.0,35,Stephen Curry,4.954459259284153
119,-6.80486994974059,Golden State Warriors,Rookie,0.21867666666666666,5,Acie Law,201151.0,427,Acie Law,-8.404634916460338
120,-6.80486994974059,Golden State Warriors,Rookie,0.157868,5,Jeremy Lin,202391.0,163,Jeremy Lin,-0.3357316214954551
121,-6.80486994974059,Golden State Warriors,Rookie,1.02168,5,Ekpe Udoh,202327.0,238,Ekpe Udoh,1.4509441590592704
122,-7.4592885248581515,Philadelphia 76ers,Rookie,0.43563999999999997,5,Craig Brackins,202342.0,431,Craig Brackins,0.24435371672281958
123,-7.4592885248581515,Philadelphia 76ers,Rookie,0.99144,5,Spencer Hawes,201150.0,169,Spencer Hawes,1.4623036633432172
124,-7.4592885248581515,Philadelphia 76ers,Rookie,0.54264,5,Jrue Holiday,201950.0,394,Jrue Holiday,2.9106872671962982
125,-7.4592885248581515,Philadelphia 76ers,Rookie,0.254065,5,Jodie Meeks,201975.0,277,Jodie Meeks,-1.4975917603826083
126,-7.4592885248581515,Philadelphia 76ers,Rookie,0.59132,5,Marreese Speights,201578.0,108,Marreese Speights,-3.241413228260157
127,-7.4592885248581515,Philadelphia 76ers,Rookie,1.53424,5,Evan Turner,202323.0,144,Evan Turner,-6.676649783673611
128,-7.4592885248581515,Philadelphia 76ers,Rookie,0.9670803333333332,5,Thaddeus Young,201152.0,109,Thaddeus Young,2.7270534380223808
129,-7.5529183961261905,New York Knicks,Rookie,1.2344906666666666,5,Corey Brewer,201147.0,158,Corey Brewer,-4.248714401002541
130,-7.5529183961261905,New York Knicks,Rookie,0.35700000000000004,5,Toney Douglas,201962.0,53,Toney Douglas,0.5388840988160943
131,-7.5529183961261905,New York Knicks,Rookie,0.157868,5,Landry Fields,202361.0,291,Landry Fields,-2.322243841145338
132,-7.5529183961261905,New York Knicks,Rookie,0.2,5,Andy Rautins,202360.0,383,Andy Rautins,-1.0818376987763565
133,-7.5529183961261905,New York Knicks,Rookie,0.2847963333333333,5,Henry Walker,201611.0,245,Henry Walker,2.8536162093883526
134,-7.59519112729826,Sacramento Kings,Rookie,0.41816000000000003,5,Omri Casspi,201956.0,114,Omri Casspi,5.270614731912266
135,-7.59519112729826,Sacramento Kings,Rookie,1.1248799999999999,5,DeMarcus Cousins,202326.0,377,DeMarcus Cousins,2.454551928698481
136,-7.59519112729826,Sacramento Kings,Rookie,1.29364,5,Tyreke Evans,201936.0,184,Tyreke Evans,0.8100061902253799
137,-7.59519112729826,Sacramento Kings,Rookie,0.37228,5,Donte Greene,201590.0,376,Donte Greene,-0.44388781086044293
138,-7.59519112729826,Sacramento Kings,Rookie,0.2847963333333333,5,Darnell Jackson,201616.0,241,Darnell Jackson,-8.551780311021364
139,-7.59519112729826,Sacramento Kings,Rookie,0.2602903333333333,5,Jermaine Taylor,201966.0,242,Jermaine Taylor,-0.4003305962452781
140,-7.59519112729826,Sacramento Kings,Rookie,0.726,5,Jason Thompson,201574.0,5,Jason Thompson,-4.393323109447213
141,-7.59519112729826,Sacramento Kings,Rookie,0.254065,5,Marcus Thornton,201977.0,399,Marcus Thornton,-1.2520080218182787
142,-8.259575720211119,Washington Wizards,Rookie,0.40152,5,Trevor Booker,202344.0,185,Trevor Booker,3.2883599872665172
143,-8.259575720211119,Washington Wizards,Rookie,0.34744,5,Jordan Crawford,202348.0,89,Jordan Crawford,-0.35944376579075676
144,-8.259575720211119,Washington Wizards,Rookie,0.06426366666666666,5,Lester Hudson,201991.0,186,Lester Hudson,-4.843450929958221
145,-8.259575720211119,Washington Wizards,Rookie,1.3501663333333334,5,Yi Jianlian,201146.0,425,Yi Jianlian,-1.9923252757764391
146,-8.259575720211119,Washington Wizards,Rookie,0.2847963333333333,5,Cartier Martin,201858.0,49,Cartier Martin,0.5502035112258703
147,-8.259575720211119,Washington Wizards,Rookie,0.53368,5,JaVale McGee,201580.0,198,JaVale McGee,-1.9446510815372315
148,-8.259575720211119,Washington Wizards,Rookie,0.52104,5,Kevin Seraphin,202338.0,168,Kevin Seraphin,-6.150967660211787
149,-8.259575720211119,Washington Wizards,Rookie,0.029889999999999996,5,Mustafa Shakur,201203.0,371,Mustafa Shakur,3.7802634626801437
150,-8.259575720211119,Washington Wizards,Rookie,0.9380653333333332,5,Al Thornton,201154.0,161,Al Thornton,-0.9096044447764382
151,-8.259575720211119,Washington Wizards,Rookie,1.7147599999999998,5,John Wall,202322.0,352,John Wall,0.47269415816109195
152,-8.259575720211119,Washington Wizards,Rookie,0.8768343333333334,5,Nick Young,201156.0,50,Nick Young,3.0733586516734963
153,-8.573773815844019,Detroit Pistons,Rookie,1.0833333333333333,5,Will Bynum,101198.0,225,Will Bynum,6.067567334356074
154,-8.573773815844019,Detroit Pistons,Rookie,0.60124,5,Austin Daye,201948.0,397,Austin Daye,2.0369883244695397
155,-8.573773815844019,Detroit Pistons,Rookie,0.93268,5,Greg Monroe,202328.0,165,Greg Monroe,-7.216062656555477
156,-8.573773815844019,Detroit Pistons,Rookie,0.9223753333333332,5,Rodney Stuckey,201155.0,3,Rodney Stuckey,3.655122071881066
157,-8.573773815844019,Detroit Pistons,Rookie,0.254065,5,DaJuan Summers,201969.0,319,DaJuan Summers,3.3369856253319776
158,-9.547862489133768,Los Angeles Clippers,Rookie,0.85444,5,Al-Farouq Aminu,202329.0,362,Al-Farouq Aminu,-2.334056712165696
159,-9.547862489133768,Los Angeles Clippers,Rookie,0.495,5,Eric Bledsoe,202339.0,90,Eric Bledsoe,-0.1488074372325614
160,-9.547862489133768,Los Angeles Clippers,Rookie,1.00556,5,Eric Gordon,201569.0,37,Eric Gordon,9.098053695535292
161,-9.547862489133768,Los Angeles Clippers,Rookie,1.7857599999999998,5,Blake Griffin,201933.0,188,Blake Griffin,1.3697791257025749
162,-9.547862489133768,Los Angeles Clippers,Rookie,0.2847963333333333,5,DeAndre Jordan,201599.0,413,DeAndre Jordan,-6.966841219224593
163,-9.547862489133768,Los Angeles Clippers,Rookie,1.0,5,Jamario Moon,200081.0,271,Jamario Moon,2.233754574856664
164,-9.547862489133768,Los Angeles Clippers,Rookie,0.16666666666666666,5,Willie Warren,202378.0,240,Willie Warren,-2.583484854680621
165,-12.4720312897174,Brooklyn Nets,Rookie,0.38544,5,Damion James,202345.0,128,Damion James,2.4283452349604384
166,-12.4720312897174,Brooklyn Nets,Rookie,0.8044399999999999,5,Brook Lopez,201572.0,43,Brook Lopez,10.151354516322108
167,-12.4720312897174,Brooklyn Nets,Rookie,1.3333333333333333,5,Anthony Morrow,201627.0,46,Anthony Morrow,-0.6768188809437703
168,-12.4720312897174,Brooklyn Nets,Rookie,0.157868,5,Ben Uzoh,202386.0,297,Ben Uzoh,-1.707284892934612
169,-12.4720312897174,Brooklyn Nets,Rookie,1.1326906666666667,5,Brandan Wright,201148.0,369,Brandan Wright,-3.0586635788568497
170,-12.598752585549901,Minnesota Timberwolves,Rookie,1.65408,5,Michael Beasley,201563.0,191,Michael Beasley,-2.6295993961313666
171,-12.598752585549901,Minnesota Timberwolves,Rookie,0.3596,5,Wayne Ellington,201961.0,79,Wayne Ellington,-1.59088054446796
172,-12.598752585549901,Minnesota Timberwolves,Rookie,1.064,5,Jonny Flynn,201938.0,187,Jonny Flynn,0.42713574432958
173,-12.598752585549901,Minnesota Timberwolves,Rookie,0.07920866666666666,5,Sundiata Gaines,202178.0,145,Sundiata Gaines,2.505352439096421
174,-12.598752585549901,Minnesota Timberwolves,Rookie,0.34031999999999996,5,Lazar Hayward,202351.0,223,Lazar Hayward,-3.503407711951323
175,-12.598752585549901,Minnesota Timberwolves,Rookie,1.2422,5,Wesley Johnson,202325.0,159,Wesley Johnson,4.346964456289667
176,-12.598752585549901,Minnesota Timberwolves,Rookie,1.21276,5,Kevin Love,201567.0,419,Kevin Love,4.983439973775189
177,-12.598752585549901,Minnesota Timberwolves,Rookie,1.3333333333333333,5,Nikola Pekovic,201593.0,288,Nikola Pekovic,0.1865425231920046
178,-12.598752585549901,Minnesota Timberwolves,Rookie,0.6552399999999999,5,Anthony Randolph,201576.0,105,Anthony Randolph,-2.803368269244308
179,-12.598752585549901,Minnesota Timberwolves,Rookie,0.7333333333333333,5,Anthony Tolliver,201229.0,80,Anthony Tolliver,8.820141517845192
180,7.63261481046834,Miami Heat,Rookie,1.3333333333333333,5,Mario Chalmers,201596.0,459,Mario Chalmers,5.039939285324527
181,7.63261481046834,Miami Heat,Rookie,0.34531999999999996,5,Norris Cole,202708.0,295,Norris Cole,-1.6307913607842632
182,7.63261481046834,Miami Heat,Rookie,0.08275433333333332,5,Mickell Gladness,202148.0,262,Mickell Gladness,-4.106955595615807
183,7.63261481046834,Miami Heat,Rookie,0.157868,5,Terrel Harris,202227.0,255,Terrel Harris,-2.80810515995341
184,7.63261481046834,Miami Heat,Rookie,0.254065,5,Dexter Pittman,202354.0,201,Dexter Pittman,-1.7320686952815574
185,7.158873307464911,Chicago Bulls,Rookie,0.6191666666666666,5,Omer Asik,201600.0,48,Omer Asik,-7.112332237771708
186,7.158873307464911,Chicago Bulls,Rookie,0.34031999999999996,5,Jimmy Butler,202710.0,121,Jimmy Butler,0.4195125225725542
187,7.158873307464911,Chicago Bulls,Rookie,0.39855999999999997,5,Taj Gibson,201959.0,46,Taj Gibson,-7.652508928256323
188,7.158873307464911,Chicago Bulls,Rookie,2.331236,5,Derrick Rose,201565.0,296,Derrick Rose,8.928311024081147
189,6.376479301057231,Los Angeles Lakers,Rookie,0.254065,5,Devin Ebanks,202365.0,471,Devin Ebanks,-1.9736787606830033
190,6.376479301057231,Los Angeles Lakers,Rookie,0.157868,5,Andrew Goudelock,202726.0,12,Andrew Goudelock,0.4956869124550818
191,6.376479301057231,Los Angeles Lakers,Rookie,0.157868,5,Darius Morris,202721.0,223,Darius Morris,-6.930459628329028
192,6.3677218077102316,Dallas Mavericks,Rookie,0.41223999999999994,5,Rodrigue Beaubois,201958.0,74,Rodrigue Beaubois,-2.6868385614723493
193,6.3677218077102316,Dallas Mavericks,Rookie,0.39776,5,Dominique Jones,202346.0,283,Dominique Jones,-0.028997599199325208
194,6.29561442483518,San Antonio Spurs,Rookie,0.48783999999999994,5,James Anderson,202341.0,88,James Anderson,2.6493336393525677
195,6.29561442483518,San Antonio Spurs,Rookie,0.32866666666666666,5,DeJuan Blair,201971.0,298,DeJuan Blair,-5.7577759950837795
196,6.29561442483518,San Antonio Spurs,Rookie,0.012724,5,Eric Dawson,201286.0,320,Eric Dawson,1.7438247806272993
197,6.29561442483518,San Antonio Spurs,Rookie,0.2847963333333333,5,Danny Green,201980.0,366,Danny Green,4.132321378245338
198,6.29561442483518,San Antonio Spurs,Rookie,0.3428,5,Cory Joseph,202709.0,265,Cory Joseph,-8.822717085987666
199,6.29561442483518,San Antonio Spurs,Rookie,0.5773199999999999,5,Kawhi Leonard,202695.0,32,Kawhi Leonard,0.02222489461551902
200,6.29561442483518,San Antonio Spurs,Rookie,0.254065,5,Gary Neal,202390.0,299,Gary Neal,0.03719951363124663
201,6.29561442483518,San Antonio Spurs,Rookie,1.224,5,Tiago Splitter,201168.0,31,Tiago Splitter,4.114552548264563
202,6.29561442483518,San Antonio Spurs,Rookie,0.034368,5,Malcolm Thomas,202952.0,362,Malcolm Thomas,-0.5502218607782203
203,5.726091672483599,Boston Celtics,Rookie,0.5081600000000001,5,Avery Bradley,202340.0,98,Avery Bradley,-4.434171433315342
204,5.726091672483599,Boston Celtics,Rookie,0.34744,5,JaJuan Johnson,202707.0,279,JaJuan Johnson,-4.949718519592167
205,5.726091672483599,Boston Celtics,Rookie,0.157868,5,E'Twaun Moore,202734.0,226,E'Twaun Moore,6.490311931559852
206,5.726091672483599,Boston Celtics,Rookie,0.254065,5,Greg Stiemsma,201880.0,383,Greg Stiemsma,-3.282463085749127
207,5.495857604719889,Orlando Magic,Rookie,0.7482003333333334,5,Ryan Anderson,201583.0,113,Ryan Anderson,5.879936469992659
208,5.495857604719889,Orlando Magic,Rookie,0.38666666666666666,5,Earl Clark,201947.0,397,Earl Clark,-5.8053780178763486
209,5.495857604719889,Orlando Magic,Rookie,0.157868,5,Justin Harper,202712.0,338,Justin Harper,-1.7788714010300386
210,5.495857604719889,Orlando Magic,Rookie,0.157868,5,DeAndre Liggins,202732.0,114,DeAndre Liggins,-4.699183527604158
211,5.495857604719889,Orlando Magic,Rookie,0.36851999999999996,5,Daniel Orton,202350.0,207,Daniel Orton,-2.9736412080826193
212,5.495857604719889,Orlando Magic,Rookie,0.17416199999999998,5,Ish Smith,202397.0,436,Ish Smith,1.129619330367067
213,5.38813724698673,Denver Nuggets,Rookie,0.41823999999999995,5,Kenneth Faried,202702.0,60,Kenneth Faried,-3.8018328016141325
214,5.38813724698673,Denver Nuggets,Rookie,0.7268143333333333,5,Rudy Fernandez,201164.0,159,Rudy Fernandez,1.5849788017590623
215,5.38813724698673,Denver Nuggets,Rookie,1.3967273333333334,5,Danilo Gallinari,201568.0,62,Danilo Gallinari,2.777352292123183
216,5.38813724698673,Denver Nuggets,Rookie,0.35776199999999997,5,Jordan Hamilton,202706.0,336,Jordan Hamilton,1.7658733689030433
217,5.38813724698673,Denver Nuggets,Rookie,0.7345973333333333,5,Kosta Koufos,201585.0,234,Kosta Koufos,1.3471824102949066
218,5.38813724698673,Denver Nuggets,Rookie,0.55148,5,Ty Lawson,201951.0,456,Ty Lawson,11.647463995709488
219,5.38813724698673,Denver Nuggets,Rookie,1.114632,5,Timofey Mozgov,202389.0,380,Timofey Mozgov,-2.410744403200896
220,5.38813724698673,Denver Nuggets,Rookie,0.157868,5,Julyan Stone,202933.0,398,Julyan Stone,3.7736518559181054
221,4.9817051308622,Oklahoma City Thunder,Rookie,0.762,5,Cole Aldrich,202332.0,429,Cole Aldrich,-1.506582026321109
222,4.9817051308622,Oklahoma City Thunder,Rookie,1.53492,5,James Harden,201935.0,56,James Harden,2.809925164103877
223,4.9817051308622,Oklahoma City Thunder,Rookie,0.36584,5,Lazar Hayward,202351.0,85,Lazar Hayward,-2.991296566297478
224,4.9817051308622,Oklahoma City Thunder,Rookie,0.4294,5,Serge Ibaka,201586.0,166,Serge Ibaka,2.392097887460631
225,4.9817051308622,Oklahoma City Thunder,Rookie,0.38544,5,Reggie Jackson,202704.0,290,Reggie Jackson,-1.6893969877828887
226,4.9817051308622,Oklahoma City Thunder,Rookie,0.50556,5,Eric Maynor,201953.0,239,Eric Maynor,5.375314192269317
227,4.9817051308622,Oklahoma City Thunder,Rookie,0.15833333333333333,5,Ryan Reid,202385.0,385,Ryan Reid,-1.534196204053968
228,4.9817051308622,Oklahoma City Thunder,Rookie,1.694138666666667,5,Russell Westbrook,201566.0,454,Russell Westbrook,1.9064948306764222
229,3.62254536106853,Memphis Grizzlies,Rookie,0.6666666666666666,5,Dante Cunningham,201967.0,305,Dante Cunningham,-9.529281303715912
230,3.62254536106853,Memphis Grizzlies,Rookie,0.43333333333333335,5,Hamed Haddadi,201632.0,134,Hamed Haddadi,4.783201274558641
231,3.62254536106853,Memphis Grizzlies,Rookie,1.8775456666666663,5,O.J. Mayo,201564.0,469,O.J. Mayo,3.9791058216933557
232,3.62254536106853,Memphis Grizzlies,Rookie,0.3333333333333333,5,Jeremy Pargo,202951.0,152,Jeremy Pargo,-0.3023720186172181
233,3.62254536106853,Memphis Grizzlies,Rookie,0.3846,5,Quincy Pondexter,202347.0,261,Quincy Pondexter,-4.576382896843535
234,3.62254536106853,Memphis Grizzlies,Rookie,0.18333333333333326,5,Josh Selby,202729.0,227,Josh Selby,0.37066543884107794
235,3.62254536106853,Memphis Grizzlies,Rookie,0.907085,5,Marreese Speights,201578.0,133,Marreese Speights,-1.0834643323292168
236,3.62254536106853,Memphis Grizzlies,Rookie,0.3159333333333333,5,Sam Young,201970.0,311,Sam Young,-2.6735167087603653
237,3.22401807470712,Houston Rockets,Rookie,0.09014233333333334,5,Jeff Adrien,202399.0,413,Jeff Adrien,-2.45650751227768
238,3.22401807470712,Houston Rockets,Rookie,0.2847963333333333,5,Chase Budinger,201978.0,389,Chase Budinger,5.517310926400505
239,3.22401807470712,Houston Rockets,Rookie,0.7026666666666667,5,Goran Dragic,201609.0,24,Goran Dragic,2.37371412824694
240,3.22401807470712,Houston Rockets,Rookie,1.13824,5,Jonny Flynn,201938.0,309,Jonny Flynn,-5.502369526572129
241,3.22401807470712,Houston Rockets,Rookie,0.9519200000000001,5,Jordan Hill,201941.0,343,Jordan Hill,-1.749076916408853
242,3.22401807470712,Houston Rockets,Rookie,0.7416976666666667,5,Courtney Lee,201584.0,142,Courtney Lee,7.780441335045364
243,3.22401807470712,Houston Rockets,Rookie,0.6077600000000001,5,Marcus Morris,202694.0,143,Marcus Morris,-3.9614553531517642
244,3.22401807470712,Houston Rockets,Rookie,0.2833333333333333,5,Chandler Parsons,202718.0,419,Chandler Parsons,-0.4746579591745803
245,3.22401807470712,Houston Rockets,Rookie,0.65332,5,Patrick Patterson,202335.0,364,Patrick Patterson,-3.799330180188445
246,3.22401807470712,Houston Rockets,Rookie,0.10057766666666666,5,Greg Smith,202962.0,310,Greg Smith,-2.84839500939158
247,3.22401807470712,Houston Rockets,Rookie,1.70924,5,Hasheem Thabeet,201934.0,273,Hasheem Thabeet,-4.242690023994642
248,3.22401807470712,Houston Rockets,Rookie,0.78968,5,Terrence Williams,201944.0,411,Terrence Williams,-2.8637712487326636
249,2.58923354644132,Portland Trailblazers,Rookie,0.5896,5,Luke Babbitt,202337.0,65,Luke Babbitt,-0.8062115038688624
250,2.58923354644132,Portland Trailblazers,Rookie,0.7184550000000001,5,Nicolas Batum,201587.0,257,Nicolas Batum,1.8245397232045057
251,2.58923354644132,Portland Trailblazers,Rookie,0.254065,5,Armon Johnson,202356.0,340,Armon Johnson,-3.292882606590085
252,2.58923354644132,Portland Trailblazers,Rookie,0.254065,5,Chris Johnson,202419.0,324,Chris Johnson,-1.1056107358472298
253,2.58923354644132,Portland Trailblazers,Rookie,2.045053333333333,5,Wesley Matthews,202083.0,3,Wesley Matthews,0.023137069880753813
254,2.58923354644132,Portland Trailblazers,Rookie,0.43563999999999997,5,Nolan Smith,202701.0,173,Nolan Smith,3.4803408092550274
255,2.58923354644132,Portland Trailblazers,Rookie,0.4496,5,Elliot Williams,202343.0,4,Elliot Williams,-2.566987662338296
256,1.93534749090562,New Orleans Pelicans,Rookie,0.9185200000000001,5,Al-Farouq Aminu,202329.0,388,Al-Farouq Aminu,1.0758506304570563
257,1.93534749090562,New Orleans Pelicans,Rookie,0.5225,5,Gustavo Ayon,202970.0,431,Gustavo Ayon,-1.302234524722123
258,1.93534749090562,New Orleans Pelicans,Rookie,0.07511366666666666,5,Jeff Foote,202880.0,141,Jeff Foote,-4.569296695113937
259,1.93534749090562,New Orleans Pelicans,Rookie,1.2770613333333334,5,Eric Gordon,201569.0,196,Eric Gordon,2.17589949994619
260,1.93534749090562,New Orleans Pelicans,Rookie,0.72388,5,Xavier Henry,202333.0,467,Xavier Henry,0.8654984626665687
261,1.93534749090562,New Orleans Pelicans,Rookie,0.05601166666666667,5,Carldell Johnson,201291.0,258,Carldell Johnson,-0.9854521089439681
262,1.93534749090562,New Orleans Pelicans,Rookie,0.10104566666666667,5,DaJuan Summers,201969.0,363,DaJuan Summers,5.821256632292849
263,1.93534749090562,New Orleans Pelicans,Rookie,0.10948133333333332,5,Lance Thomas,202498.0,123,Lance Thomas,-4.322560932008867
264,1.93534749090562,New Orleans Pelicans,Rookie,0.3712,5,Greivis Vasquez,202349.0,124,Greivis Vasquez,1.1216598824118131
265,1.7814596691439302,Philadelphia 76ers,Rookie,0.157868,5,Lavoy Allen,202730.0,19,Lavoy Allen,1.3712598352560987
266,1.7814596691439302,Philadelphia 76ers,Rookie,0.46831999999999996,5,Craig Brackins,202342.0,76,Craig Brackins,-0.6938933579496904
267,1.7814596691439302,Philadelphia 76ers,Rookie,0.58048,5,Jrue Holiday,201950.0,418,Jrue Holiday,-0.1802886319903898
268,1.7814596691439302,Philadelphia 76ers,Rookie,0.2847963333333333,5,Jodie Meeks,201975.0,318,Jodie Meeks,-0.8115062599339495
269,1.7814596691439302,Philadelphia 76ers,Rookie,1.6492799999999999,5,Evan Turner,202323.0,189,Evan Turner,-0.3558015122846907
270,1.7814596691439302,Philadelphia 76ers,Rookie,0.5484666666666667,5,Nikola Vucevic,202696.0,20,Nikola Vucevic,-3.2415654886141567
271,1.1310060075766295,New York Knicks,Rookie,0.38188,5,Toney Douglas,201962.0,251,Toney Douglas,-3.355688943955785
272,1.1310060075766295,New York Knicks,Rookie,0.254065,5,Landry Fields,202361.0,386,Landry Fields,-1.1610071469225183
273,1.1310060075766295,New York Knicks,Rookie,0.157868,5,Josh Harrellson,202725.0,138,Josh Harrellson,2.9475478886545203
274,1.1310060075766295,New York Knicks,Rookie,0.157868,5,Jerome Jordan,202366.0,470,Jerome Jordan,-3.5816252533963104
275,1.1310060075766295,New York Knicks,Rookie,0.254065,5,Jeremy Lin,202391.0,109,Jeremy Lin,5.53415876366474
276,1.1310060075766295,New York Knicks,Rookie,0.52104,5,Iman Shumpert,202697.0,110,Iman Shumpert,4.900434810118293
277,0.3825969003551429,Phoenix Suns,Rookie,0.9542006666666668,5,Robin Lopez,201577.0,28,Robin Lopez,3.5576722727475003
278,0.3825969003551429,Phoenix Suns,Rookie,0.63972,5,Markieff Morris,202693.0,27,Markieff Morris,-3.0888733472465777
279,0.0,Atlanta Hawks,Rookie,0.157868,5,Ivan Johnson,201274.0,230,Ivan Johnson,-4.853707400277617
280,0.0,Atlanta Hawks,Rookie,0.04074566666666666,5,Donald Sloan,202388.0,370,Donald Sloan,-7.041521753384665
281,0.0,Atlanta Hawks,Rookie,0.52664,5,Jeff Teague,201952.0,147,Jeff Teague,3.545979436916225
282,-0.18893397945847304,Milwaukee Bucks,Rookie,0.3333333333333333,5,Jon Brockman,201972.0,203,Jon Brockman,-0.9031354345345353
283,-0.18893397945847304,Milwaukee Bucks,Rookie,0.47272,5,Tobias Harris,202699.0,237,Tobias Harris,-2.6219650585979366
284,-0.18893397945847304,Milwaukee Bucks,Rookie,0.08196133333333333,5,Darington Hobson,202359.0,361,Darington Hobson,3.522509964786104
285,-0.18893397945847304,Milwaukee Bucks,Rookie,0.83124,5,Brandon Jennings,201943.0,395,Brandon Jennings,0.5224710598659517
286,-0.18893397945847304,Milwaukee Bucks,Rookie,0.157868,5,Jon Leuer,202720.0,84,Jon Leuer,2.5980629937409425
287,-0.18893397945847304,Milwaukee Bucks,Rookie,1.6666666666666667,5,Luc Mbah a Moute,201601.0,140,Luc Mbah a Moute,3.950871103051643
288,-0.18893397945847304,Milwaukee Bucks,Rookie,0.62064,5,Larry Sanders,202336.0,51,Larry Sanders,-1.6338026247715818
289,-0.493248778333005,Indiana Pacers,Rookie,0.48532,5,Darren Collison,201954.0,67,Darren Collison,1.3369718228276462
290,-0.493248778333005,Indiana Pacers,Rookie,0.80208,5,Paul George,202331.0,458,Paul George,4.266348340939674
291,-0.493248778333005,Indiana Pacers,Rookie,0.71268,5,Tyler Hansbrough,201946.0,371,Tyler Hansbrough,-6.9413083751668
292,-0.493248778333005,Indiana Pacers,Rookie,0.8628633333333333,5,Roy Hibbert,201579.0,236,Roy Hibbert,2.9497789197011963
293,-0.493248778333005,Indiana Pacers,Rookie,0.6954533333333334,5,George Hill,201588.0,347,George Hill,7.261368530686458
294,-0.493248778333005,Indiana Pacers,Rookie,0.5,5,Jeff Ayres,201965.0,400,Jeff Ayres,-0.906603236791109
295,-0.493248778333005,Indiana Pacers,Rookie,0.27,5,Lance Stephenson,202362.0,406,Lance Stephenson,1.821961306031671
296,-0.59324118717541,Utah Jazz,Rookie,0.6734,5,Alec Burks,202692.0,145,Alec Burks,1.191245658005283
297,-0.59324118717541,Utah Jazz,Rookie,0.18144366666666667,5,DeMarre Carroll,201960.0,181,DeMarre Carroll,-3.611139493177979
298,-0.59324118717541,Utah Jazz,Rookie,0.254065,5,Jeremy Evans,202379.0,209,Jeremy Evans,-1.112592277323853
299,-0.59324118717541,Utah Jazz,Rookie,1.48112,5,Derrick Favors,202324.0,337,Derrick Favors,-0.644847313420204
300,-0.59324118717541,Utah Jazz,Rookie,0.8443200000000001,5,Gordon Hayward,202330.0,390,Gordon Hayward,-1.0508747822772975
301,-0.59324118717541,Utah Jazz,Rookie,1.37776,5,Enes Kanter,202683.0,468,Enes Kanter,-0.8467282187228307
302,-1.16171060749235,Golden State Warriors,Rookie,1.03904,5,Stephen Curry,201939.0,240,Stephen Curry,10.749349080649615
303,-1.16171060749235,Golden State Warriors,Rookie,0.157868,5,Charles Jenkins,202724.0,149,Charles Jenkins,2.9663401629576494
304,-1.16171060749235,Golden State Warriors,Rookie,0.9855526666666666,5,Brandon Rush,201575.0,94,Brandon Rush,-1.6527067847069503
305,-1.16171060749235,Golden State Warriors,Rookie,0.7088399999999999,5,Klay Thompson,202691.0,95,Klay Thompson,-1.98644202883865
306,-1.16171060749235,Golden State Warriors,Rookie,0.21666666666666667,5,Jeremy Tyler,202719.0,460,Jeremy Tyler,-1.1655110823329942
307,-1.16171060749235,Golden State Warriors,Rookie,1.09832,5,Ekpe Udoh,202327.0,169,Ekpe Udoh,-2.785232397467671
308,-1.16171060749235,Golden State Warriors,Rookie,0.157868,5,Chris Wright,202874.0,392,Chris Wright,-2.145126764285815
309,-1.86286431732002,Los Angeles Clippers,Rookie,0.5321199999999999,5,Eric Bledsoe,202339.0,118,Eric Bledsoe,7.3591302275209145
310,-1.86286431732002,Los Angeles Clippers,Rookie,0.014003,5,Courtney Fortson,202622.0,162,Courtney Fortson,-3.179379727867736
311,-1.86286431732002,Los Angeles Clippers,Rookie,1.9103599999999998,5,Blake Griffin,201933.0,119,Blake Griffin,0.9810566480039853
312,-1.86286431732002,Los Angeles Clippers,Rookie,0.157868,5,Travis Leslie,202727.0,356,Travis Leslie,-3.073728490070124
313,-1.86286431732002,Los Angeles Clippers,Rookie,0.157868,5,Trey Thompkins,202717.0,442,Trey Thompkins,-5.642922614843238
314,-2.94836261752447,Detroit Pistons,Rookie,1.0833333333333333,5,Will Bynum,101198.0,103,Will Bynum,-1.378814538883268
315,-2.94836261752447,Detroit Pistons,Rookie,0.6432,5,Austin Daye,201948.0,462,Austin Daye,-5.713185211742845
316,-2.94836261752447,Detroit Pistons,Rookie,1.5,5,Jonas Jerebko,201973.0,341,Jonas Jerebko,1.5793491338442713
317,-2.94836261752447,Detroit Pistons,Rookie,0.85444,5,Brandon Knight,202688.0,72,Brandon Knight,0.08173393356555536
318,-2.94836261752447,Detroit Pistons,Rookie,0.157868,5,Vernon Macklin,202731.0,228,Vernon Macklin,4.872810537661066
319,-2.94836261752447,Detroit Pistons,Rookie,1.00264,5,Greg Monroe,202328.0,256,Greg Monroe,2.1920831247545554
320,-2.94836261752447,Detroit Pistons,Rookie,0.12476300000000001,5,Walker Russell,201041.0,221,Walker Russell,-4.819629768080537
321,-3.24754650756073,Charlotte Hornets,Rookie,1.0788233333333332,5,D.J. Augustin,201571.0,17,D.J. Augustin,1.3674506485988456
322,-3.24754650756073,Charlotte Hornets,Rookie,0.93268,5,Bismack Biyombo,202687.0,271,Bismack Biyombo,0.07684986020418627
323,-3.24754650756073,Charlotte Hornets,Rookie,0.2847963333333333,5,Derrick Brown,201974.0,292,Derrick Brown,-3.5786838622525217
324,-3.24754650756073,Charlotte Hornets,Rookie,0.157868,5,Cory Higgins,202809.0,229,Cory Higgins,-4.5903706405174525
325,-3.24754650756073,Charlotte Hornets,Rookie,0.4294,5,Byron Mullens,201957.0,187,Byron Mullens,-0.4858302503696019
326,-3.24754650756073,Charlotte Hornets,Rookie,0.7854399999999999,5,Kemba Walker,202689.0,18,Kemba Walker,-1.2150830527740002
327,-3.96623155930048,Sacramento Kings,Rookie,1.2092399999999999,5,DeMarcus Cousins,202326.0,313,DeMarcus Cousins,1.5817724974876164
328,-3.96623155930048,Sacramento Kings,Rookie,1.38388,5,Tyreke Evans,201936.0,91,Tyreke Evans,3.8586457926835553
329,-3.96623155930048,Sacramento Kings,Rookie,0.74612,5,Jimmer Fredette,202690.0,90,Jimmer Fredette,1.499656715313419
330,-3.96623155930048,Sacramento Kings,Rookie,0.6719653333333333,5,Donte Greene,201590.0,357,Donte Greene,-4.199080613357434
331,-3.96623155930048,Sacramento Kings,Rookie,0.25833333333333336,5,Tyler Honeycutt,202715.0,461,Tyler Honeycutt,-4.216479708627293
332,-3.96623155930048,Sacramento Kings,Rookie,0.157868,5,Isaiah Thomas,202738.0,144,Isaiah Thomas,0.24177510787512446
333,-3.96623155930048,Sacramento Kings,Rookie,1.000428,5,Jason Thompson,201574.0,89,Jason Thompson,-1.092787464375144
334,-3.96623155930048,Sacramento Kings,Rookie,2.333333333333333,5,Marcus Thornton,201977.0,435,Marcus Thornton,1.8875939071452374
335,-3.96623155930048,Sacramento Kings,Rookie,0.254065,5,Hassan Whiteside,202355.0,300,Hassan Whiteside,-2.4033375776474806
336,-5.136032693653269,Minnesota Timberwolves,Rookie,2.0874490000000003,5,Michael Beasley,201563.0,379,Michael Beasley,-1.925757507048421
337,-5.136032693653269,Minnesota Timberwolves,Rookie,0.38468,5,Wayne Ellington,201961.0,104,Wayne Ellington,0.6621233999718052
338,-5.136032693653269,Minnesota Timberwolves,Rookie,1.33536,5,Wesley Johnson,202325.0,87,Wesley Johnson,-4.1969908738311155
339,-5.136032693653269,Minnesota Timberwolves,Rookie,0.16666666666666666,5,Malcolm Lee,202723.0,105,Malcolm Lee,3.8006504052312513
340,-5.136032693653269,Minnesota Timberwolves,Rookie,1.536567,5,Kevin Love,201567.0,455,Kevin Love,6.534219644998883
341,-5.136032693653269,Minnesota Timberwolves,Rookie,1.5012,5,Nikola Pekovic,201593.0,297,Nikola Pekovic,1.6837081198204578
342,-5.136032693653269,Minnesota Timberwolves,Rookie,0.9704103333333334,5,Anthony Randolph,201576.0,213,Anthony Randolph,-1.3814637172772621
343,-5.136032693653269,Minnesota Timberwolves,Rookie,1.16004,5,Ricky Rubio,201937.0,57,Ricky Rubio,2.6263903850262285
344,-5.136032693653269,Minnesota Timberwolves,Rookie,0.6833333333333333,5,Anthony Tolliver,201229.0,100,Anthony Tolliver,3.1017995413572303
345,-5.136032693653269,Minnesota Timberwolves,Rookie,1.53424,5,Derrick Williams,202682.0,212,Derrick Williams,-0.7305182996055253
346,-5.3810847571538485,Brooklyn Nets,Rookie,0.37004000000000004,5,MarShon Brooks,202705.0,218,MarShon Brooks,-1.1959776792990997
347,-5.3810847571538485,Brooklyn Nets,Rookie,0.2847963333333333,5,Sundiata Gaines,202178.0,83,Sundiata Gaines,-2.140529552401201
348,-5.3810847571538485,Brooklyn Nets,Rookie,0.030547333333333333,5,Dennis Horner,202862.0,408,Dennis Horner,1.993637985260654
349,-5.3810847571538485,Brooklyn Nets,Rookie,0.41436000000000006,5,Damion James,202345.0,245,Damion James,4.277286595001016
350,-5.3810847571538485,Brooklyn Nets,Rookie,1.0256610000000002,5,Brook Lopez,201572.0,284,Brook Lopez,1.2405974019530337
351,-5.3810847571538485,Brooklyn Nets,Rookie,1.3333333333333333,5,Anthony Morrow,201627.0,428,Anthony Morrow,4.105634741322298
352,-5.3810847571538485,Brooklyn Nets,Rookie,0.028683999999999998,5,Larry Owens,202082.0,270,Larry Owens,-3.774475043567797
353,-5.3810847571538485,Brooklyn Nets,Rookie,0.157868,5,Jordan Williams,202716.0,463,Jordan Williams,2.5080882720539
354,-5.52204745979599,Toronto Raptors,Rookie,0.2766666666666667,5,Solomon Alabi,202374.0,174,Solomon Alabi,-1.8570797845828235
355,-5.52204745979599,Toronto Raptors,Rookie,1.0140933333333333,5,Jerryd Bayless,201573.0,14,Jerryd Bayless,-2.8727910726751205
356,-5.52204745979599,Toronto Raptors,Rookie,0.6876800000000001,5,Ed Davis,202334.0,450,Ed Davis,-4.046172864900561
357,-5.52204745979599,Toronto Raptors,Rookie,0.875,5,DeMar DeRozan,201942.0,287,DeMar DeRozan,0.9382126331140412
358,-5.52204745979599,Toronto Raptors,Rookie,0.5,5,Gary Forbes,201814.0,325,Gary Forbes,1.3390624478092734
359,-5.52204745979599,Toronto Raptors,Rookie,0.6110399999999999,5,James Johnson,201949.0,375,James Johnson,-5.292233746124264
360,-6.46780572328353,Washington Wizards,Rookie,0.43163999999999997,5,Trevor Booker,202344.0,36,Trevor Booker,-1.2882368770583836
361,-6.46780572328353,Washington Wizards,Rookie,0.37348000000000003,5,Jordan Crawford,202348.0,260,Jordan Crawford,0.6774155529093076
362,-6.46780572328353,Washington Wizards,Rookie,0.157868,5,Shelvin Mack,202714.0,377,Shelvin Mack,0.3976487168272118
363,-6.46780572328353,Washington Wizards,Rookie,0.8208,5,JaVale McGee,201580.0,39,JaVale McGee,-7.116961459400224
364,-6.46780572328353,Washington Wizards,Rookie,0.56012,5,Kevin Seraphin,202338.0,40,Kevin Seraphin,-0.9438474338013232
365,-6.46780572328353,Washington Wizards,Rookie,0.495,5,Chris Singleton,202698.0,224,Chris Singleton,-5.44105753482121
366,-6.46780572328353,Washington Wizards,Rookie,1.02168,5,Jan Vesely,202686.0,452,Jan Vesely,0.21963254956573763
367,-6.46780572328353,Washington Wizards,Rookie,1.8433599999999999,5,John Wall,202322.0,323,John Wall,3.8193710952813746
368,-8.05319959597777,Cleveland Cavaliers,Rookie,0.44732,5,Omri Casspi,201956.0,42,Omri Casspi,-5.815334399645242
369,-8.05319959597777,Cleveland Cavaliers,Rookie,0.254065,5,Semih Erden,201623.0,412,Semih Erden,-1.512841636315831
370,-8.05319959597777,Cleveland Cavaliers,Rookie,0.36584,5,Christian Eyenga,201963.0,277,Christian Eyenga,-0.6409796560424612
371,-8.05319959597777,Cleveland Cavaliers,Rookie,0.2847963333333333,5,Alonzo Gee,202087.0,41,Alonzo Gee,-0.46991691113093026
372,-8.05319959597777,Cleveland Cavaliers,Rookie,0.254065,5,Luke Harangody,202376.0,252,Luke Harangody,6.842878355827846
373,-8.05319959597777,Cleveland Cavaliers,Rookie,0.040980666666666665,5,Manny Harris,202412.0,327,Manny Harris,-1.5173205235331597
374,-8.05319959597777,Cleveland Cavaliers,Rookie,1.7147599999999998,5,Kyrie Irving,202681.0,378,Kyrie Irving,2.4103207388030086
375,-8.05319959597777,Cleveland Cavaliers,Rookie,0.254065,5,Samardo Samuels,202396.0,43,Samardo Samuels,-0.7051596702572525
376,-8.05319959597777,Cleveland Cavaliers,Rookie,0.05601166666666667,5,Mychel Thompson,202814.0,474,Mychel Thompson,0.6127569057063216
377,-8.05319959597777,Cleveland Cavaliers,Rookie,1.2422,5,Tristan Thompson,202684.0,288,Tristan Thompson,-2.241541050072666
378,-8.05319959597777,Cleveland Cavaliers,Rookie,0.02047766666666667,5,Ben Uzoh,202386.0,330,Ben Uzoh,1.766371656014486
379,5.3263185486029005,San Antonio Spurs,Rookie,0.13372333333333333,5,Aron Baynes,203382.0,386,Aron Baynes,1.2483789270672085
380,5.3263185486029005,San Antonio Spurs,Rookie,0.3513333333333333,5,DeJuan Blair,201971.0,204,DeJuan Blair,-5.840354782750783
381,5.3263185486029005,San Antonio Spurs,Rookie,0.4666666666666667,5,Nando De Colo,201986.0,51,Nando De Colo,-1.9671870829240024
382,5.3263185486029005,San Antonio Spurs,Rookie,1.1666666666666667,5,Danny Green,201980.0,283,Danny Green,-1.8656751702333612
383,5.3263185486029005,San Antonio Spurs,Rookie,0.36851999999999996,5,Cory Joseph,202709.0,312,Cory Joseph,-3.8158731162531314
384,5.3263185486029005,San Antonio Spurs,Rookie,0.62064,5,Kawhi Leonard,202695.0,47,Kawhi Leonard,-3.884436096935308
385,5.3263185486029005,San Antonio Spurs,Rookie,0.3617066666666667,5,Patty Mills,201988.0,48,Patty Mills,1.5233455156475442
386,5.3263185486029005,San Antonio Spurs,Rookie,0.2847963333333333,5,Gary Neal,202390.0,351,Gary Neal,0.18794447208351173
387,5.3263185486029005,San Antonio Spurs,Rookie,1.3146666666666669,5,Tiago Splitter,201168.0,170,Tiago Splitter,-0.26227353894482874
388,4.6773449947718495,Chicago Bulls,Rookie,0.36584,5,Jimmy Butler,202710.0,321,Jimmy Butler,-2.5186362571156202
389,4.6773449947718495,Chicago Bulls,Rookie,0.7186036666666666,5,Taj Gibson,201959.0,172,Taj Gibson,-4.525270063998655
390,4.6773449947718495,Chicago Bulls,Rookie,0.3428,5,Marquis Teague,203104.0,85,Marquis Teague,4.227899401781215
391,4.63010950205916,Oklahoma City Thunder,Rookie,0.7510206666666667,5,Serge Ibaka,201586.0,6,Serge Ibaka,2.730324736820111
392,4.63010950205916,Oklahoma City Thunder,Rookie,0.41436000000000006,5,Reggie Jackson,202704.0,164,Reggie Jackson,0.5522500554488703
393,4.63010950205916,Oklahoma City Thunder,Rookie,0.6734,5,Jeremy Lamb,203087.0,179,Jeremy Lamb,-8.12952575627293
394,4.63010950205916,Oklahoma City Thunder,Rookie,0.254065,5,DeAndre Liggins,202732.0,7,DeAndre Liggins,0.5607768395884025
395,4.63010950205916,Oklahoma City Thunder,Rookie,0.2525706666666667,5,Daniel Orton,202350.0,208,Daniel Orton,-0.4513461977256199
396,4.63010950205916,Oklahoma City Thunder,Rookie,0.4,5,Hasheem Thabeet,201934.0,180,Hasheem Thabeet,3.914110070826802
397,4.532255541526402,Miami Heat,Rookie,0.36084,5,Norris Cole,202708.0,280,Norris Cole,-6.657846161866768
398,4.532255541526402,Miami Heat,Rookie,0.11806566666666668,5,Josh Harrellson,202725.0,235,Josh Harrellson,0.6318288903251136
399,4.532255541526402,Miami Heat,Rookie,0.062218666666666665,5,Terrel Harris,202227.0,338,Terrel Harris,6.630236460922209
400,4.532255541526402,Miami Heat,Rookie,0.091935,5,Jarvis Varnado,202363.0,439,Jarvis Varnado,-0.5985190621965834
401,1.3152523065871202,Philadelphia 76ers,Rookie,1.0,5,Lavoy Allen,202730.0,111,Lavoy Allen,-1.2602658476295225
402,1.3152523065871202,Philadelphia 76ers,Rookie,0.8916173333333334,5,Jrue Holiday,201950.0,411,Jrue Holiday,-1.1330277810628147
403,1.3152523065871202,Philadelphia 76ers,Rookie,0.254065,5,Charles Jenkins,202724.0,110,Charles Jenkins,1.8924506930403384
404,1.3152523065871202,Philadelphia 76ers,Rookie,0.029889999999999996,5,Shelvin Mack,202714.0,129,Shelvin Mack,-0.7931659624995948
405,1.3152523065871202,Philadelphia 76ers,Rookie,0.34744,5,Arnett Moultrie,203102.0,144,Arnett Moultrie,-5.477985396653048
406,1.3152523065871202,Philadelphia 76ers,Rookie,1.76436,5,Evan Turner,202323.0,255,Evan Turner,-6.3007779720346235
407,1.3152523065871202,Philadelphia 76ers,Rookie,0.07243366666666666,5,Maalik Wayns,203146.0,109,Maalik Wayns,-8.264735392187323
408,0.743769206746756,Denver Nuggets,Rookie,0.4496,5,Kenneth Faried,202702.0,98,Kenneth Faried,-4.2100347846681885
409,0.743769206746756,Denver Nuggets,Rookie,0.4538,5,Evan Fournier,203095.0,404,Evan Fournier,0.9911791790652116
410,0.743769206746756,Denver Nuggets,Rookie,0.3846,5,Jordan Hamilton,202706.0,322,Jordan Hamilton,0.3404028498771623
411,0.743769206746756,Denver Nuggets,Rookie,0.8481763333333333,5,Ty Lawson,201951.0,448,Ty Lawson,6.7727346857171575
412,0.743769206746756,Denver Nuggets,Rookie,0.157868,5,Quincy Miller,203113.0,309,Quincy Miller,-1.2042575308096333
413,0.743769206746756,Denver Nuggets,Rookie,1.0468096666666666,5,Timofey Mozgov,202389.0,372,Timofey Mozgov,-8.155547019507408
414,0.743769206746756,Denver Nuggets,Rookie,0.254065,5,Julyan Stone,202933.0,405,Julyan Stone,-0.5468279863564771
415,0.642463671399346,Boston Celtics,Rookie,0.5436,5,Avery Bradley,202340.0,127,Avery Bradley,-5.582845848482833
416,0.642463671399346,Boston Celtics,Rookie,0.39955999999999997,5,Jordan Crawford,202348.0,128,Jordan Crawford,-0.9279863980074481
417,0.642463671399346,Boston Celtics,Rookie,0.06314733333333332,5,Kris Joseph,203126.0,347,Kris Joseph,0.2543553301667496
418,0.642463671399346,Boston Celtics,Rookie,0.41823999999999995,5,Fab Melo,203097.0,360,Fab Melo,-0.3705782205865774
419,0.642463671399346,Boston Celtics,Rookie,0.43563999999999997,5,Jared Sullinger,203096.0,393,Jared Sullinger,1.578675506695216
420,0.642463671399346,Boston Celtics,Rookie,0.09892533333333334,5,Terrence Williams,201944.0,383,Terrence Williams,3.993283544500057
421,0.593227332539896,Indiana Pacers,Rookie,0.8580399999999999,5,Paul George,202331.0,440,Paul George,0.9658452872316055
422,0.593227332539896,Indiana Pacers,Rookie,0.157868,5,Ben Hansbrough,203162.0,350,Ben Hansbrough,0.8892715871576202
423,0.593227332539896,Indiana Pacers,Rookie,1.0184196666666667,5,Tyler Hansbrough,201946.0,317,Tyler Hansbrough,5.686998667428036
424,0.593227332539896,Indiana Pacers,Rookie,0.18333333333333326,5,Orlando Johnson,203111.0,21,Orlando Johnson,3.1493713553997162
425,0.593227332539896,Indiana Pacers,Rookie,0.5,5,Jeff Ayres,201965.0,275,Jeff Ayres,1.195971548516137
426,0.593227332539896,Indiana Pacers,Rookie,0.35775999999999997,5,Miles Plumlee,203101.0,456,Miles Plumlee,-4.388469704198374
427,0.593227332539896,Indiana Pacers,Rookie,0.29,5,Lance Stephenson,202362.0,381,Lance Stephenson,5.700834441457665
428,0.593227332539896,Indiana Pacers,Rookie,0.24123866666666666,5,Sam Young,201970.0,291,Sam Young,-1.3466660639823207
429,0.110018762722793,Memphis Grizzlies,Rookie,0.73568,5,Ed Davis,202334.0,444,Ed Davis,-2.115608808714322
430,0.110018762722793,Memphis Grizzlies,Rookie,0.9860256666666668,5,Austin Daye,201948.0,423,Austin Daye,4.134847560955627
431,0.110018762722793,Memphis Grizzlies,Rookie,0.254065,5,Jon Leuer,202720.0,34,Jon Leuer,1.5307398608178908
432,0.110018762722793,Memphis Grizzlies,Rookie,0.2847963333333333,5,Dexter Pittman,202354.0,282,Dexter Pittman,-4.571848922610342
433,0.110018762722793,Memphis Grizzlies,Rookie,0.41144,5,Quincy Pondexter,202347.0,158,Quincy Pondexter,-3.1788129868838197
434,0.110018762722793,Memphis Grizzlies,Rookie,0.37004000000000004,5,Tony Wroten,203100.0,366,Tony Wroten,-4.565885759233449
435,0.0803050632948413,Los Angeles Clippers,Rookie,0.56924,5,Eric Bledsoe,202339.0,58,Eric Bledsoe,-2.411695794045629
436,0.0,Atlanta Hawks,Rookie,0.40152,5,John Jenkins,203098.0,210,John Jenkins,-5.555284321618817
437,0.0,Atlanta Hawks,Rookie,0.3207316666666667,5,Ivan Johnson,201274.0,253,Ivan Johnson,-1.5686536963105233
438,0.0,Atlanta Hawks,Rookie,0.157868,5,Mike Scott,203118.0,274,Mike Scott,-1.6129283281595814
439,0.0,Atlanta Hawks,Rookie,0.8110256666666666,5,Jeff Teague,201952.0,22,Jeff Teague,1.2864724829059195
440,0.0,Atlanta Hawks,Rookie,0.254065,5,Jeremy Tyler,202719.0,466,Jeremy Tyler,-0.5044953980935116
441,-0.542028136037502,New York Knicks,Rookie,0.157868,5,Chris Copeland,203142.0,92,Chris Copeland,-8.004237621156026
442,-0.542028136037502,New York Knicks,Rookie,0.157868,5,Pablo Prigioni,203143.0,91,Pablo Prigioni,5.939012289139971
443,-0.542028136037502,New York Knicks,Rookie,0.56012,5,Iman Shumpert,202697.0,63,Iman Shumpert,2.854447367986883
444,-0.593134507114484,Los Angeles Lakers,Rookie,0.4133333333333333,5,Earl Clark,201947.0,402,Earl Clark,-4.727795137017457
445,-0.593134507114484,Los Angeles Lakers,Rookie,0.351463,5,Devin Ebanks,202365.0,437,Devin Ebanks,1.8054001640338386
446,-0.593134507114484,Los Angeles Lakers,Rookie,1.2108423333333334,5,Jordan Hill,201941.0,324,Jordan Hill,-0.40890631034861435
447,-0.593134507114484,Los Angeles Lakers,Rookie,0.064076,5,Darius Johnson-Odom,203130.0,398,Darius Johnson-Odom,0.3507900126675785
448,-0.593134507114484,Los Angeles Lakers,Rookie,0.5,5,Jodie Meeks,201975.0,342,Jodie Meeks,0.9610286873282945
449,-0.593134507114484,Los Angeles Lakers,Rookie,0.3207316666666667,5,Darius Morris,202721.0,207,Darius Morris,-5.750960710608679
450,-0.593134507114484,Los Angeles Lakers,Rookie,0.157868,5,Robert Sacre,203135.0,458,Robert Sacre,-7.254688554124737
451,-0.623984687165077,Dallas Mavericks,Rookie,0.7424443333333334,5,Rodrigue Beaubois,201958.0,141,Rodrigue Beaubois,0.0036471043255059676
452,-0.623984687165077,Dallas Mavericks,Rookie,0.7731146666666666,5,Darren Collison,201954.0,46,Darren Collison,5.474576991513402
453,-0.623984687165077,Dallas Mavericks,Rookie,0.20016366666666666,5,Jae Crowder,203109.0,140,Jae Crowder,-1.993191291424644
454,-0.623984687165077,Dallas Mavericks,Rookie,0.38544,5,Jared Cunningham,203099.0,434,Jared Cunningham,3.3978752106818413
455,-0.623984687165077,Dallas Mavericks,Rookie,0.157868,5,Bernard James,203108.0,169,Bernard James,-2.0735655705997633
456,-0.623984687165077,Dallas Mavericks,Rookie,0.42552,5,Dominique Jones,202346.0,266,Dominique Jones,0.07145555340866805
457,-1.76836469830392,Houston Rockets,Rookie,0.15747566666666668,5,James Anderson,202341.0,134,James Anderson,6.439756511095575
458,-1.76836469830392,Houston Rockets,Rookie,0.09379233333333334,5,Patrick Beverley,201976.0,409,Patrick Beverley,-0.2729760977710034
459,-1.76836469830392,Houston Rockets,Rookie,1.9401389999999998,5,James Harden,201935.0,197,James Harden,3.8675533999955
460,-1.76836469830392,Houston Rockets,Rookie,0.39136,5,Lazar Hayward,202351.0,354,Lazar Hayward,-2.31608125331316
461,-1.76836469830392,Houston Rockets,Rookie,0.26995833333333336,5,Tyler Honeycutt,202715.0,438,Tyler Honeycutt,-3.3436357500413822
462,-1.76836469830392,Houston Rockets,Rookie,0.495,5,Terrence Jones,203093.0,339,Terrence Jones,-1.3764943667930674
463,-1.76836469830392,Houston Rockets,Rookie,0.064076,5,Scott Machado,203159.0,435,Scott Machado,-1.8693580357285668
464,-1.76836469830392,Houston Rockets,Rookie,0.4845066666666666,5,Donatas Motiejunas,202700.0,131,Donatas Motiejunas,2.0517652314906556
465,-1.76836469830392,Houston Rockets,Rookie,0.048289,5,Tim Ohlbrecht,203317.0,384,Tim Ohlbrecht,-0.9307356421714985
466,-1.76836469830392,Houston Rockets,Rookie,0.2960833333333333,5,Chandler Parsons,202718.0,429,Chandler Parsons,4.217229933739265
467,-1.76836469830392,Houston Rockets,Rookie,1.1248799999999999,5,Thomas Robinson,203080.0,132,Thomas Robinson,-8.013904125534632
468,-1.76836469830392,Houston Rockets,Rookie,0.254065,5,Greg Smith,202962.0,316,Greg Smith,-1.0664638978557137
469,-1.93844184579764,Utah Jazz,Rookie,0.72388,5,Alec Burks,202692.0,113,Alec Burks,2.0579850522307677
470,-1.93844184579764,Utah Jazz,Rookie,0.5982906666666666,5,Jeremy Evans,202379.0,114,Jeremy Evans,2.521478934538068
471,-1.93844184579764,Utah Jazz,Rookie,1.58444,5,Derrick Favors,202324.0,148,Derrick Favors,-3.0326822639989395
472,-1.93844184579764,Utah Jazz,Rookie,0.9032399999999999,5,Gordon Hayward,202330.0,294,Gordon Hayward,2.080782677687548
473,-1.93844184579764,Utah Jazz,Rookie,1.48112,5,Enes Kanter,202683.0,420,Enes Kanter,5.048506063721555
474,-1.93844184579764,Utah Jazz,Rookie,0.157868,5,Kevin Murphy,203122.0,408,Kevin Murphy,-8.236202041577263
475,-2.07369114909588,Phoenix Suns,Rookie,0.157868,5,Diante Garrett,203197.0,446,Diante Garrett,-3.673937597586948
476,-2.07369114909588,Phoenix Suns,Rookie,1.42852,5,Wesley Johnson,202325.0,368,Wesley Johnson,-7.0155872913903226
477,-2.07369114909588,Phoenix Suns,Rookie,0.63972,5,Kendall Marshall,203088.0,301,Kendall Marshall,-0.430757004512655
478,-2.07369114909588,Phoenix Suns,Rookie,0.6876800000000001,5,Markieff Morris,202693.0,53,Markieff Morris,3.1871242713671357
479,-2.07369114909588,Phoenix Suns,Rookie,0.65332,5,Marcus Morris,202694.0,55,Marcus Morris,-4.377725003529978
480,-2.07369114909588,Phoenix Suns,Rookie,0.157868,5,Luke Zeller,202545.0,399,Luke Zeller,-9.210097606730201
481,-2.35478303683025,Orlando Magic,Rookie,0.5773199999999999,5,Maurice Harkless,203090.0,246,Maurice Harkless,-4.252865998124918
482,-2.35478303683025,Orlando Magic,Rookie,0.5081600000000001,5,Tobias Harris,202699.0,116,Tobias Harris,10.221182628916303
483,-2.35478303683025,Orlando Magic,Rookie,0.15783466666666668,5,DeQuan Jones,203199.0,449,DeQuan Jones,-5.366843720712747
484,-2.35478303683025,Orlando Magic,Rookie,0.21666666666666667,5,Doron Lamb,203117.0,206,Doron Lamb,-3.6601433394362957
485,-2.35478303683025,Orlando Magic,Rookie,0.254065,5,E'Twaun Moore,202734.0,224,E'Twaun Moore,-1.444005371420186
486,-2.35478303683025,Orlando Magic,Rookie,0.47272,5,Andrew Nicholson,203094.0,336,Andrew Nicholson,0.37397119252255884
487,-2.35478303683025,Orlando Magic,Rookie,0.2629573333333333,5,Kyle O'Quinn,203124.0,233,Kyle O'Quinn,0.8469727514880603
488,-2.35478303683025,Orlando Magic,Rookie,0.5896,5,Nikola Vucevic,202696.0,70,Nikola Vucevic,0.7391081072150705
489,-2.57615300650677,Milwaukee Bucks,Rookie,0.5,5,Gustavo Ayon,202970.0,377,Gustavo Ayon,-2.4488070831859456
490,-2.57615300650677,Milwaukee Bucks,Rookie,0.6077600000000001,5,John Henson,203089.0,139,John Henson,-3.9073472833867324
491,-2.57615300650677,Milwaukee Bucks,Rookie,1.059831,5,Brandon Jennings,201943.0,118,Brandon Jennings,-3.107850392691317
492,-2.57615300650677,Milwaukee Bucks,Rookie,0.66392,5,Larry Sanders,202336.0,117,Larry Sanders,5.161203587803584
493,-2.57615300650677,Milwaukee Bucks,Rookie,0.2847963333333333,5,Ish Smith,202397.0,268,Ish Smith,2.264254626950482
494,-2.57615300650677,Milwaukee Bucks,Rookie,1.17496,5,Ekpe Udoh,202327.0,122,Ekpe Udoh,-1.932283645887412
495,-2.5798049047455,Portland Trailblazers,Rookie,0.63076,5,Luke Babbitt,202337.0,182,Luke Babbitt,5.882779434832604
496,-2.5798049047455,Portland Trailblazers,Rookie,0.18333333333333326,5,Will Barton,203115.0,245,Will Barton,-5.77373894942427
497,-2.5798049047455,Portland Trailblazers,Rookie,0.43333333333333335,5,Victor Claver,201964.0,310,Victor Claver,-0.3608094643683972
498,-2.5798049047455,Portland Trailblazers,Rookie,1.004504,5,Joel Freeland,200777.0,191,Joel Freeland,-6.005147891489098
499,-2.5798049047455,Portland Trailblazers,Rookie,0.7088399999999999,5,Meyers Leonard,203086.0,396,Meyers Leonard,-0.39803271484901614
500,-2.5798049047455,Portland Trailblazers,Rookie,1.02168,5,Damian Lillard,203081.0,125,Damian Lillard,6.467255744459017
501,-2.5798049047455,Portland Trailblazers,Rookie,2.1684400000000004,5,Wesley Matthews,202083.0,123,Wesley Matthews,-1.2632986314472703
502,-2.5798049047455,Portland Trailblazers,Rookie,0.7795736666666667,5,Eric Maynor,201953.0,124,Eric Maynor,-2.6532181119935387
503,-2.5798049047455,Portland Trailblazers,Rookie,0.46831999999999996,5,Nolan Smith,202701.0,392,Nolan Smith,-7.912845341921585
504,-4.18513836751315,Minnesota Timberwolves,Rookie,0.29504,5,Chase Budinger,201978.0,175,Chase Budinger,-0.6883531870659501
505,-4.18513836751315,Minnesota Timberwolves,Rookie,0.6966666666666667,5,Dante Cunningham,201967.0,152,Dante Cunningham,-2.3874490299602726
506,-4.18513836751315,Minnesota Timberwolves,Rookie,0.14909933333333333,5,Chris Johnson,203187.0,359,Chris Johnson,5.172301400180001
507,-4.18513836751315,Minnesota Timberwolves,Rookie,0.14909933333333333,5,Chris Johnson,203187.0,359,Chris Johnson,5.172301400180001
508,-4.18513836751315,Minnesota Timberwolves,Rookie,0.14909933333333333,5,Chris Johnson,202419.0,361,Chris Johnson,-5.078035603135989
509,-4.18513836751315,Minnesota Timberwolves,Rookie,0.14909933333333333,5,Chris Johnson,202419.0,361,Chris Johnson,-5.078035603135989
510,-4.18513836751315,Minnesota Timberwolves,Rookie,0.254065,5,Malcolm Lee,202723.0,237,Malcolm Lee,0.8527578262110493
511,-4.18513836751315,Minnesota Timberwolves,Rookie,1.6124,5,Nikola Pekovic,201593.0,346,Nikola Pekovic,2.37254852215895
512,-4.18513836751315,Minnesota Timberwolves,Rookie,1.24704,5,Ricky Rubio,201937.0,151,Ricky Rubio,0.4799964094074092
513,-4.18513836751315,Minnesota Timberwolves,Rookie,0.9782033333333332,5,Alexey Shved,203144.0,43,Alexey Shved,-3.3700162346819402
514,-4.18513836751315,Minnesota Timberwolves,Rookie,0.8583333333333333,5,Greg Stiemsma,201880.0,367,Greg Stiemsma,0.6821714156325207
515,-4.18513836751315,Minnesota Timberwolves,Rookie,1.6492799999999999,5,Derrick Williams,202682.0,44,Derrick Williams,-0.8119423227926976
516,-5.15709026427958,Golden State Warriors,Rookie,0.93268,5,Harrison Barnes,203084.0,284,Harrison Barnes,4.290856901475923
517,-5.15709026427958,Golden State Warriors,Rookie,0.157868,5,Kent Bazemore,203145.0,209,Kent Bazemore,-2.31527830205813
518,-5.15709026427958,Golden State Warriors,Rookie,1.3195806666666667,5,Stephen Curry,201939.0,379,Stephen Curry,3.6687753919801085
519,-5.15709026427958,Golden State Warriors,Rookie,0.34031999999999996,5,Festus Ezeli,203105.0,60,Festus Ezeli,-4.320228192791785
520,-5.15709026427958,Golden State Warriors,Rookie,0.2833333333333333,5,Draymond Green,203110.0,90,Draymond Green,-3.705717739468567
521,-5.15709026427958,Golden State Warriors,Rookie,0.762,5,Klay Thompson,202691.0,59,Klay Thompson,0.4985669448858516
522,-5.458300010098768,New Orleans Pelicans,Rookie,0.9826,5,Al-Farouq Aminu,202329.0,390,Al-Farouq Aminu,2.14664402684957
523,-5.458300010098768,New Orleans Pelicans,Rookie,1.7147599999999998,5,Anthony Davis,203076.0,107,Anthony Davis,-0.09219227967355792
524,-5.458300010098768,New Orleans Pelicans,Rookie,0.7744,5,Xavier Henry,202333.0,457,Xavier Henry,-3.0130950773970406
525,-5.458300010098768,New Orleans Pelicans,Rookie,0.157868,5,Darius Miller,203121.0,308,Darius Miller,0.2259194427939777
526,-5.458300010098768,New Orleans Pelicans,Rookie,0.74612,5,Austin Rivers,203085.0,38,Austin Rivers,3.5467528096117746
527,-5.458300010098768,New Orleans Pelicans,Rookie,0.157868,5,Brian Roberts,203148.0,39,Brian Roberts,0.7165897032066297
528,-5.458300010098768,New Orleans Pelicans,Rookie,0.254065,5,Lance Thomas,202498.0,40,Lance Thomas,-4.5758278583177034
529,-5.458300010098768,New Orleans Pelicans,Rookie,0.39708000000000004,5,Greivis Vasquez,202349.0,166,Greivis Vasquez,2.0403005389444644
530,-5.99463381574544,Toronto Raptors,Rookie,0.22166666666666668,5,Quincy Acy,203112.0,190,Quincy Acy,8.253783893940396
531,-5.99463381574544,Toronto Raptors,Rookie,1.11475,5,DeMar DeRozan,201942.0,271,DeMar DeRozan,0.06154425372963246
532,-5.99463381574544,Toronto Raptors,Rookie,2.083333333333333,5,Landry Fields,202361.0,353,Landry Fields,-3.447009860758264
533,-5.99463381574544,Toronto Raptors,Rookie,0.85444,5,Terrence Ross,203082.0,189,Terrence Ross,-1.4617224815088417
534,-5.99463381574544,Toronto Raptors,Rookie,1.2092399999999999,5,Jonas Valanciunas,202685.0,254,Jonas Valanciunas,-4.161857994359712
535,-7.31699674007473,Sacramento Kings,Rookie,0.81516,5,Cole Aldrich,202332.0,395,Cole Aldrich,3.3869530475819136
536,-7.31699674007473,Sacramento Kings,Rookie,1.2936,5,DeMarcus Cousins,202326.0,307,DeMarcus Cousins,-0.20106215878787914
537,-7.31699674007473,Sacramento Kings,Rookie,0.6892933333333333,5,Toney Douglas,201962.0,86,Toney Douglas,-2.1506185747592266
538,-7.31699674007473,Sacramento Kings,Rookie,1.750608333333333,5,Tyreke Evans,201936.0,10,Tyreke Evans,1.467576711609011
539,-7.31699674007473,Sacramento Kings,Rookie,0.80208,5,Jimmer Fredette,202690.0,9,Jimmer Fredette,3.8972032180756013
540,-7.31699674007473,Sacramento Kings,Rookie,0.9373353333333332,5,James Johnson,201949.0,412,James Johnson,-10.13933333080993
541,-7.31699674007473,Sacramento Kings,Rookie,0.69892,5,Patrick Patterson,202335.0,442,Patrick Patterson,4.041200782702603
542,-7.31699674007473,Sacramento Kings,Rookie,0.254065,5,Isaiah Thomas,202738.0,165,Isaiah Thomas,3.4633251586009344
543,-7.47103012246641,Washington Wizards,Rookie,1.37776,5,Bradley Beal,203078.0,143,Bradley Beal,3.982252622208618
544,-7.47103012246641,Washington Wizards,Rookie,0.46176000000000006,5,Trevor Booker,202344.0,96,Trevor Booker,-7.308203977509896
545,-7.47103012246641,Washington Wizards,Rookie,0.5992,5,Kevin Seraphin,202338.0,94,Kevin Seraphin,-2.577254301723091
546,-7.47103012246641,Washington Wizards,Rookie,0.5321199999999999,5,Chris Singleton,202698.0,200,Chris Singleton,0.9200586007073621
547,-7.47103012246641,Washington Wizards,Rookie,0.19098099999999998,5,Garrett Temple,202066.0,356,Garrett Temple,0.45595339739174
548,-7.47103012246641,Washington Wizards,Rookie,1.09832,5,Jan Vesely,202686.0,452,Jan Vesely,-2.9023972151804163
549,-7.47103012246641,Washington Wizards,Rookie,1.97196,5,John Wall,202322.0,287,John Wall,2.900270735527009
550,-7.52048502994333,Detroit Pistons,Rookie,0.7854399999999999,5,Andre Drummond,203083.0,219,Andre Drummond,-3.500906358425082
551,-7.52048502994333,Detroit Pistons,Rookie,0.157868,5,Kim English,203119.0,299,Kim English,-1.6992716919830428
552,-7.52048502994333,Detroit Pistons,Rookie,1.5,5,Jonas Jerebko,201973.0,285,Jonas Jerebko,-1.701194474106735
553,-7.52048502994333,Detroit Pistons,Rookie,0.9185200000000001,5,Brandon Knight,202688.0,29,Brandon Knight,-0.19071104941972394
554,-7.52048502994333,Detroit Pistons,Rookie,0.157868,5,Khris Middleton,203114.0,79,Khris Middleton,-0.885937901740689
555,-7.52048502994333,Detroit Pistons,Rookie,1.07256,5,Greg Monroe,202328.0,369,Greg Monroe,3.710623608088598
556,-7.52048502994333,Detroit Pistons,Rookie,0.3333333333333333,5,Kyle Singler,202713.0,415,Kyle Singler,1.4584847682253521
557,-8.71071269912303,Brooklyn Nets,Rookie,0.39776,5,MarShon Brooks,202705.0,333,MarShon Brooks,-3.78274261201139
558,-8.71071269912303,Brooklyn Nets,Rookie,0.016752666666666666,5,Damion James,202345.0,358,Damion James,0.5176765102596419
559,-8.71071269912303,Brooklyn Nets,Rookie,0.157868,5,Tyshawn Taylor,203116.0,314,Tyshawn Taylor,0.5751067583991896
560,-8.71071269912303,Brooklyn Nets,Rookie,1.03,5,Mirza Teletovic,203141.0,195,Mirza Teletovic,-8.175726128098777
561,-8.71071269912303,Brooklyn Nets,Rookie,0.157868,5,Tornike Shengelia,203129.0,436,Tornike Shengelia,5.379435673832181
562,-9.672434986749519,Cleveland Cavaliers,Rookie,0.759102,5,Omri Casspi,201956.0,155,Omri Casspi,-5.064302107683269
563,-9.672434986749519,Cleveland Cavaliers,Rookie,0.6943473333333333,5,Wayne Ellington,201961.0,18,Wayne Ellington,5.046635876220741
564,-9.672434986749519,Cleveland Cavaliers,Rookie,1.1666666666666667,5,Alonzo Gee,202087.0,16,Alonzo Gee,-0.10861395651910755
565,-9.672434986749519,Cleveland Cavaliers,Rookie,1.8433599999999999,5,Kyrie Irving,202681.0,413,Kyrie Irving,0.1491943229092456
566,-9.672434986749519,Cleveland Cavaliers,Rookie,0.13000899999999999,5,Kevin Jones,203158.0,388,Kevin Jones,5.616105194494207
567,-9.672434986749519,Cleveland Cavaliers,Rookie,0.254065,5,Jeremy Pargo,202951.0,251,Jeremy Pargo,2.8669435592942856
568,-9.672434986749519,Cleveland Cavaliers,Rookie,0.11391866666666667,5,Samardo Samuels,202396.0,265,Samardo Samuels,-3.375949562059633
569,-9.672434986749519,Cleveland Cavaliers,Rookie,0.254065,5,Josh Selby,202729.0,341,Josh Selby,-5.592921172701487
570,-9.672434986749519,Cleveland Cavaliers,Rookie,0.083692,5,Donald Sloan,202388.0,329,Donald Sloan,-6.7466541899996795
571,-9.672434986749519,Cleveland Cavaliers,Rookie,1.33536,5,Tristan Thompson,202684.0,227,Tristan Thompson,1.6772195711127083
572,-9.672434986749519,Cleveland Cavaliers,Rookie,1.2422,5,Dion Waiters,203079.0,80,Dion Waiters,0.9818065389733448
573,-9.672434986749519,Cleveland Cavaliers,Rookie,0.52104,5,Tyler Zeller,203092.0,323,Tyler Zeller,-0.4526463785103658
574,-16.3039457447089,Charlotte Hornets,Rookie,0.2680436666666667,5,Jeff Adrien,202399.0,355,Jeff Adrien,-2.8540136234538753
575,-16.3039457447089,Charlotte Hornets,Rookie,1.00264,5,Bismack Biyombo,202687.0,272,Bismack Biyombo,-2.670718993028025
576,-16.3039457447089,Charlotte Hornets,Rookie,0.014944999999999998,5,Cory Higgins,202809.0,431,Cory Higgins,-2.197640183711896
577,-16.3039457447089,Charlotte Hornets,Rookie,1.53424,5,Michael Kidd-Gilchrist,203077.0,15,Michael Kidd-Gilchrist,4.589257676945876
578,-16.3039457447089,Charlotte Hornets,Rookie,0.751102,5,Byron Mullens,201957.0,69,Byron Mullens,-5.397367722570124
579,-16.3039457447089,Charlotte Hornets,Rookie,0.8443200000000001,5,Kemba Walker,202689.0,11,Kemba Walker,2.3220194859297782
580,8.89502542889076,Oklahoma City Thunder,Rookie,0.69696,5,Steven Adams,203500.0,119,Steven Adams,-3.3260281140721126
581,8.89502542889076,Oklahoma City Thunder,Rookie,0.42012,5,Reggie Jackson,202704.0,120,Reggie Jackson,4.254088164451735
582,8.89502542889076,Oklahoma City Thunder,Rookie,0.70372,5,Jeremy Lamb,203087.0,117,Jeremy Lamb,0.041064409600409135
583,8.89502542889076,Oklahoma City Thunder,Rookie,0.37028,5,Andre Roberson,203460.0,140,Andre Roberson,-5.697361194449607
584,7.76644161566618,San Antonio Spurs,Rookie,0.2629573333333333,5,Aron Baynes,203382.0,390,Aron Baynes,1.0491295568345644
585,7.76644161566618,San Antonio Spurs,Rookie,0.4876666666666667,5,Nando De Colo,201986.0,166,Nando De Colo,-1.8527548456845029
586,7.76644161566618,San Antonio Spurs,Rookie,0.37364,5,Cory Joseph,202709.0,323,Cory Joseph,-4.239320210913997
587,7.76644161566618,San Antonio Spurs,Rookie,0.6292800000000001,5,Kawhi Leonard,202695.0,40,Kawhi Leonard,3.902661070170974
588,7.61265411730035,Miami Heat,Rookie,0.3764,5,Norris Cole,202708.0,225,Norris Cole,-1.0276438893515287
589,7.61265411730035,Miami Heat,Rookie,0.2629573333333333,5,Jarvis Varnado,202363.0,360,Jarvis Varnado,0.42636323602356363
590,6.16781702096405,Los Angeles Clippers,Rookie,0.38299999999999995,5,Reggie Bullock,203493.0,189,Reggie Bullock,2.564657189544082
591,5.079826949248,Memphis Grizzlies,Rookie,1.0512866666666667,5,Ed Davis,202334.0,471,Ed Davis,1.8177263872110858
592,5.079826949248,Memphis Grizzlies,Rookie,0.7418263333333334,5,Quincy Pondexter,202347.0,86,Quincy Pondexter,-8.515836109967779
593,5.079826949248,Memphis Grizzlies,Rookie,0.38668,5,Tony Wroten,203100.0,358,Tony Wroten,-1.1934104274623412
594,5.0628365392921,Denver Nuggets,Rookie,0.45588,5,Kenneth Faried,202702.0,133,Kenneth Faried,-2.9401622028925853
595,5.0628365392921,Denver Nuggets,Rookie,0.47423999999999994,5,Evan Fournier,203095.0,416,Evan Fournier,1.3737929489637537
596,5.0628365392921,Denver Nuggets,Rookie,0.38996,5,Jordan Hamilton,202706.0,223,Jordan Hamilton,-2.491832607394298
597,5.0628365392921,Denver Nuggets,Rookie,0.2629573333333333,5,Quincy Miller,203113.0,234,Quincy Miller,-5.312626810480628
598,5.0628365392921,Denver Nuggets,Rookie,1.4666666666666666,5,Timofey Mozgov,202389.0,336,Timofey Mozgov,-0.003191672822941971
599,3.890281390984161,New York Knicks,Rookie,0.39892,5,Tim Hardaway Jr.,203501.0,242,Tim Hardaway Jr.,-5.138015265138371
600,3.890281390984161,New York Knicks,Rookie,0.53045,5,Pablo Prigioni,203143.0,23,Pablo Prigioni,0.9682199008306496
601,3.890281390984161,New York Knicks,Rookie,0.56792,5,Iman Shumpert,202697.0,123,Iman Shumpert,0.47458105234767256
602,3.890281390984161,New York Knicks,Rookie,0.2947643333333333,5,Jeremy Tyler,202719.0,477,Jeremy Tyler,4.128730236448796
603,3.83388189083815,Houston Rockets,Rookie,0.2629573333333333,5,Patrick Beverley,201976.0,431,Patrick Beverley,7.4116240814939065
604,3.83388189083815,Houston Rockets,Rookie,0.5172800000000001,5,Terrence Jones,203093.0,312,Terrence Jones,-5.070948305951146
605,3.83388189083815,Houston Rockets,Rookie,0.47423999999999994,5,Donatas Motiejunas,202700.0,82,Donatas Motiejunas,-2.3161511371472487
606,3.83388189083815,Houston Rockets,Rookie,0.3088333333333333,5,Chandler Parsons,202718.0,460,Chandler Parsons,2.9137089984323055
607,3.83388189083815,Houston Rockets,Rookie,0.2947643333333333,5,Greg Smith,202962.0,335,Greg Smith,-1.2019649091426787
608,3.64007393211344,Indiana Pacers,Rookie,1.0,5,Chris Copeland,203142.0,191,Chris Copeland,10.618033647843236
609,3.64007393211344,Indiana Pacers,Rookie,1.094001,5,Paul George,202331.0,454,Paul George,3.9309164247353054
610,3.64007393211344,Indiana Pacers,Rookie,0.41556000000000004,5,Solomon Hill,203524.0,2,Solomon Hill,2.142314325846186
611,3.64007393211344,Indiana Pacers,Rookie,0.2629573333333333,5,Orlando Johnson,203111.0,1,Orlando Johnson,-5.2521832104874875
612,3.64007393211344,Indiana Pacers,Rookie,0.2947643333333333,5,Donald Sloan,202388.0,379,Donald Sloan,-5.863000024746325
613,3.64007393211344,Indiana Pacers,Rookie,0.335,5,Lance Stephenson,202362.0,427,Lance Stephenson,-0.8009841371929483
614,2.11765794522532,Golden State Warriors,Rookie,0.97464,5,Harrison Barnes,203084.0,161,Harrison Barnes,1.6648628415180458
615,2.11765794522532,Golden State Warriors,Rookie,0.2629573333333333,5,Kent Bazemore,203145.0,195,Kent Bazemore,-6.357221832959478
616,2.11765794522532,Golden State Warriors,Rookie,0.2918333333333333,5,Draymond Green,203110.0,57,Draymond Green,-0.9788069029207556
617,2.11765794522532,Golden State Warriors,Rookie,0.35224,5,Nemanja Nedovic,203517.0,466,Nemanja Nedovic,-4.101638731627112
618,2.11765794522532,Golden State Warriors,Rookie,0.77264,5,Klay Thompson,202691.0,56,Klay Thompson,3.5011977118279134
619,1.4255386313699,Brooklyn Nets,Rookie,0.43288000000000004,5,Mason Plumlee,203486.0,439,Mason Plumlee,-1.4526358652310876
620,1.4255386313699,Brooklyn Nets,Rookie,0.2629573333333333,5,Tyshawn Taylor,203116.0,221,Tyshawn Taylor,-10.82253722707684
621,1.4255386313699,Brooklyn Nets,Rookie,1.07635,5,Mirza Teletovic,203141.0,212,Mirza Teletovic,4.002659804561963
622,1.4255386313699,Brooklyn Nets,Rookie,0.2629573333333333,5,Tornike Shengelia,203129.0,364,Tornike Shengelia,-0.0793847804273804
623,1.08990750290411,Los Angeles Lakers,Rookie,0.3053663333333333,5,Wesley Johnson,202325.0,103,Wesley Johnson,-0.9090766708370568
624,1.08990750290411,Los Angeles Lakers,Rookie,0.2629573333333333,5,Robert Sacre,203135.0,260,Robert Sacre,-2.7291076262996157
625,0.474162104981812,Utah Jazz,Rookie,0.81292,5,Trey Burke,203504.0,280,Trey Burke,-0.3846014316801174
626,0.474162104981812,Utah Jazz,Rookie,0.7340000000000001,5,Alec Burks,202692.0,46,Alec Burks,2.5391025421339393
627,0.474162104981812,Utah Jazz,Rookie,0.553419,5,Jeremy Evans,202379.0,201,Jeremy Evans,-2.231974899033582
628,0.474162104981812,Utah Jazz,Rookie,2.002732,5,Derrick Favors,202324.0,314,Derrick Favors,-0.7705413532173093
629,0.474162104981812,Utah Jazz,Rookie,0.3596,5,Rudy Gobert,203497.0,247,Rudy Gobert,2.4159992559754135
630,0.474162104981812,Utah Jazz,Rookie,1.1507276666666666,5,Gordon Hayward,202330.0,384,Gordon Hayward,0.6917311369204446
631,0.474162104981812,Utah Jazz,Rookie,1.50176,5,Enes Kanter,202683.0,284,Enes Kanter,-2.4795498545591244
632,0.0,Atlanta Hawks,Rookie,0.5,5,Gustavo Ayon,202970.0,321,Gustavo Ayon,-7.291866631424639
633,0.0,Atlanta Hawks,Rookie,0.4028,5,Jared Cunningham,203099.0,444,Jared Cunningham,-0.24862674572423415
634,0.0,Atlanta Hawks,Rookie,0.4196,5,John Jenkins,203098.0,203,John Jenkins,-4.95921185650252
635,0.0,Atlanta Hawks,Rookie,0.2947643333333333,5,Shelvin Mack,202714.0,185,Shelvin Mack,-3.693488687100894
636,0.0,Atlanta Hawks,Rookie,0.4494,5,Dennis Schroder,203471.0,325,Dennis Schroder,-5.752788979770642
637,0.0,Atlanta Hawks,Rookie,0.2629573333333333,5,Mike Scott,203118.0,226,Mike Scott,2.4821457454774087
638,-0.0478885355086254,Dallas Mavericks,Rookie,0.2629573333333333,5,Jae Crowder,203109.0,37,Jae Crowder,0.43217068963457983
639,-0.0478885355086254,Dallas Mavericks,Rookie,0.2629573333333333,5,Bernard James,203108.0,132,Bernard James,-5.043497764133402
640,-0.0478885355086254,Dallas Mavericks,Rookie,0.51232,5,Shane Larkin,203499.0,181,Shane Larkin,4.247444366640095
641,-0.113410034117841,Chicago Bulls,Rookie,0.37096,5,Jimmy Butler,202710.0,180,Jimmy Butler,3.413900424316328
642,-0.113410034117841,Chicago Bulls,Rookie,0.46968000000000004,5,Tony Snell,203503.0,209,Tony Snell,-4.771553893883901
643,-0.113410034117841,Chicago Bulls,Rookie,0.35824,5,Marquis Teague,203104.0,147,Marquis Teague,0.5214836044569386
644,-0.472144389973656,Boston Celtics,Rookie,0.837144,5,Avery Bradley,202340.0,78,Avery Bradley,3.727268217067572
645,-0.472144389973656,Boston Celtics,Rookie,0.40336,5,MarShon Brooks,202705.0,171,MarShon Brooks,7.062641478597957
646,-0.472144389973656,Boston Celtics,Rookie,0.7208063333333333,5,Jordan Crawford,202348.0,79,Jordan Crawford,-1.998781232626003
647,-0.472144389973656,Boston Celtics,Rookie,0.6621199999999999,5,Kelly Olynyk,203482.0,406,Kelly Olynyk,-2.490556261288189
648,-0.472144389973656,Boston Celtics,Rookie,0.45524,5,Jared Sullinger,203096.0,252,Jared Sullinger,3.8627442397546936
649,-1.64227991187505,Minnesota Timberwolves,Rookie,0.45088,5,Gorgui Dieng,203476.0,329,Gorgui Dieng,-3.1500103534045087
650,-1.64227991187505,Minnesota Timberwolves,Rookie,0.3053663333333333,5,Chris Johnson,203187.0,250,Chris Johnson,4.60906152866871
651,-1.64227991187505,Minnesota Timberwolves,Rookie,0.6290399999999999,5,Shabazz Muhammad,203498.0,259,Shabazz Muhammad,-0.4698731425341265
652,-1.64227991187505,Minnesota Timberwolves,Rookie,1.33404,5,Ricky Rubio,201937.0,30,Ricky Rubio,4.357780018901886
653,-1.64227991187505,Minnesota Timberwolves,Rookie,1.05,5,Alexey Shved,203144.0,29,Alexey Shved,-3.5809053336195413
654,-1.64227991187505,Minnesota Timberwolves,Rookie,1.67232,5,Derrick Williams,202682.0,89,Derrick Williams,-3.1778602145277794
655,-1.77347515414346,Toronto Raptors,Rookie,0.2629573333333333,5,Quincy Acy,203112.0,149,Quincy Acy,-5.72499392240003
656,-1.77347515414346,Toronto Raptors,Rookie,2.083333333333333,5,Landry Fields,202361.0,380,Landry Fields,-1.554026673623663
657,-1.77347515414346,Toronto Raptors,Rookie,0.8928799999999999,5,Terrence Ross,203082.0,169,Terrence Ross,0.7149164663725678
658,-1.77347515414346,Toronto Raptors,Rookie,1.1754799999999999,5,Jonas Valanciunas,202685.0,445,Jonas Valanciunas,-0.7955798268234211
659,-1.88928560752435,Milwaukee Bucks,Rookie,0.5975199999999999,5,Giannis Antetokounmpo,203507.0,208,Giannis Antetokounmpo,2.6207644078312864
660,-1.88928560752435,Milwaukee Bucks,Rookie,0.63512,5,John Henson,203089.0,108,John Henson,-7.371248103473986
661,-1.88928560752435,Milwaukee Bucks,Rookie,0.93132,5,Brandon Knight,202688.0,153,Brandon Knight,-0.5747284020235921
662,-1.88928560752435,Milwaukee Bucks,Rookie,0.5,5,Viacheslav Kravtsov,203139.0,173,Viacheslav Kravtsov,0.5312709670191463
663,-1.88928560752435,Milwaukee Bucks,Rookie,0.2629573333333333,5,Khris Middleton,203114.0,107,Khris Middleton,4.932896197916968
664,-1.88928560752435,Milwaukee Bucks,Rookie,1.0833333333333333,5,Gary Neal,202390.0,178,Gary Neal,-2.940369136444562
665,-1.88928560752435,Milwaukee Bucks,Rookie,1.0177893333333334,5,Larry Sanders,202336.0,105,Larry Sanders,-2.9769303625421433
666,-1.88928560752435,Milwaukee Bucks,Rookie,0.3171543333333333,5,Ish Smith,202397.0,101,Ish Smith,-2.886487205335056
667,-1.88928560752435,Milwaukee Bucks,Rookie,1.4898493333333334,5,Ekpe Udoh,202327.0,317,Ekpe Udoh,-1.955757290594292
668,-2.3568506643244302,Portland Trailblazers,Rookie,0.2629573333333333,5,Will Barton,203115.0,266,Will Barton,0.37092298624334585
669,-2.3568506643244302,Portland Trailblazers,Rookie,0.44333333333333336,5,Victor Claver,201964.0,262,Victor Claver,1.8071648797116828
670,-2.3568506643244302,Portland Trailblazers,Rookie,0.965992,5,Joel Freeland,200777.0,111,Joel Freeland,-8.843226345053196
671,-2.3568506643244302,Portland Trailblazers,Rookie,0.7407199999999999,5,Meyers Leonard,203086.0,307,Meyers Leonard,-0.9574193894054766
672,-2.3568506643244302,Portland Trailblazers,Rookie,1.06764,5,Damian Lillard,203081.0,110,Damian Lillard,4.931212023093915
673,-2.3568506643244302,Portland Trailblazers,Rookie,0.7722399999999999,5,CJ McCollum,203468.0,273,CJ McCollum,0.2534277799356275
674,-2.3568506643244302,Portland Trailblazers,Rookie,1.1754799999999999,5,Thomas Robinson,203080.0,112,Thomas Robinson,-9.80703290335035
675,-2.59915934894325,Washington Wizards,Rookie,1.43976,5,Bradley Beal,203078.0,71,Bradley Beal,-3.5393387236847067
676,-2.59915934894325,Washington Wizards,Rookie,0.7836066666666667,5,Trevor Booker,202344.0,75,Trevor Booker,-2.4887400260766412
677,-2.59915934894325,Washington Wizards,Rookie,0.9203713333333332,5,Kevin Seraphin,202338.0,74,Kevin Seraphin,3.0408127993741765
678,-2.59915934894325,Washington Wizards,Rookie,0.53956,5,Chris Singleton,202698.0,206,Chris Singleton,-5.348770552128652
679,-2.59915934894325,Washington Wizards,Rookie,0.3053663333333333,5,Garrett Temple,202066.0,315,Garrett Temple,-5.2883608403236595
680,-2.59915934894325,Washington Wizards,Rookie,1.11364,5,Jan Vesely,202686.0,452,Jan Vesely,-2.8417458131715296
681,-2.92291245977605,New Orleans Pelicans,Rookie,1.2333333333333334,5,Al-Farouq Aminu,202329.0,354,Al-Farouq Aminu,-0.5865437626461869
682,-2.92291245977605,New Orleans Pelicans,Rookie,1.7919200000000002,5,Anthony Davis,203076.0,33,Anthony Davis,4.025272110679953
683,-2.92291245977605,New Orleans Pelicans,Rookie,0.2629573333333333,5,Darius Miller,203121.0,330,Darius Miller,5.0784911737446095
684,-2.92291245977605,New Orleans Pelicans,Rookie,0.77968,5,Austin Rivers,203085.0,219,Austin Rivers,1.4117909578361498
685,-2.92291245977605,New Orleans Pelicans,Rookie,0.2629573333333333,5,Brian Roberts,203148.0,131,Brian Roberts,3.7504718385860745
686,-2.92291245977605,New Orleans Pelicans,Rookie,0.892,5,Greg Stiemsma,201880.0,294,Greg Stiemsma,-3.455532533617376
687,-2.92291245977605,New Orleans Pelicans,Rookie,0.2947643333333333,5,Lance Thomas,202498.0,32,Lance Thomas,-10.000970766859005
688,-3.32772380796192,Philadelphia 76ers,Rookie,1.02,5,Lavoy Allen,202730.0,14,Lavoy Allen,-0.9514332018093993
689,-3.32772380796192,Philadelphia 76ers,Rookie,0.3053663333333333,5,James Anderson,202341.0,13,James Anderson,-1.3217015188203725
690,-3.32772380796192,Philadelphia 76ers,Rookie,0.73364,5,Michael Carter-Williams,203487.0,367,Michael Carter-Williams,3.275304782033543
691,-3.32772380796192,Philadelphia 76ers,Rookie,0.3487563333333333,5,Darius Morris,202721.0,15,Darius Morris,4.011007737651484
692,-3.32772380796192,Philadelphia 76ers,Rookie,0.36308,5,Arnett Moultrie,203102.0,261,Arnett Moultrie,0.2735746206929166
693,-3.32772380796192,Philadelphia 76ers,Rookie,2.2266223333333333,5,Evan Turner,202323.0,302,Evan Turner,0.18456502879017478
694,-3.32772380796192,Philadelphia 76ers,Rookie,0.57316,5,Royce White,203091.0,420,Royce White,-0.08931687147246048
695,-4.06348436501574,Sacramento Kings,Rookie,1.6389913333333332,5,DeMarcus Cousins,202326.0,299,DeMarcus Cousins,3.871536089390336
696,-4.06348436501574,Sacramento Kings,Rookie,0.81328,5,Jimmer Fredette,202690.0,154,Jimmer Fredette,3.8129993213182267
697,-4.06348436501574,Sacramento Kings,Rookie,0.9653200000000001,5,Ben McLemore,203463.0,52,Ben McLemore,0.0640235588397502
698,-4.06348436501574,Sacramento Kings,Rookie,1.035100666666667,5,Patrick Patterson,202335.0,465,Patrick Patterson,0.36286872456596075
699,-4.06348436501574,Sacramento Kings,Rookie,0.2947643333333333,5,Isaiah Thomas,202738.0,54,Isaiah Thomas,2.6110641315458043
700,-4.06348436501574,Sacramento Kings,Rookie,0.7167293333333333,5,Greivis Vasquez,202349.0,51,Greivis Vasquez,4.889841430456444
701,-4.07185739070818,Detroit Pistons,Rookie,0.88436,5,Kentavious Caldwell-Pope,203484.0,19,Kentavious Caldwell-Pope,0.3298182439913573
702,-4.07185739070818,Detroit Pistons,Rookie,0.8208,5,Andre Drummond,203083.0,18,Andre Drummond,-2.4806042944889857
703,-4.07185739070818,Detroit Pistons,Rookie,0.2947643333333333,5,Josh Harrellson,202725.0,188,Josh Harrellson,-2.4920412000692096
704,-4.07185739070818,Detroit Pistons,Rookie,1.3621513333333333,5,Greg Monroe,202328.0,292,Greg Monroe,1.5129015962403045
705,-4.07185739070818,Detroit Pistons,Rookie,0.3483333333333333,5,Kyle Singler,202713.0,373,Kyle Singler,0.50341261918431
706,-4.69204696609647,Cleveland Cavaliers,Rookie,1.77476,5,Anthony Bennett,203461.0,10,Anthony Bennett,-4.394505938203508
707,-4.69204696609647,Cleveland Cavaliers,Rookie,1.0833333333333333,5,Alonzo Gee,202087.0,9,Alonzo Gee,-2.6363195796654697
708,-4.69204696609647,Cleveland Cavaliers,Rookie,1.8690799999999999,5,Kyrie Irving,202681.0,320,Kyrie Irving,-1.1517137785731446
709,-4.69204696609647,Cleveland Cavaliers,Rookie,0.48928,5,Sergey Karasev,203508.0,326,Sergey Karasev,-2.0309826698226683
710,-4.69204696609647,Cleveland Cavaliers,Rookie,1.354,5,Tristan Thompson,202684.0,442,Tristan Thompson,-2.064646727413539
711,-4.69204696609647,Cleveland Cavaliers,Rookie,1.29808,5,Dion Waiters,203079.0,8,Dion Waiters,2.488332509058555
712,-4.69204696609647,Cleveland Cavaliers,Rookie,0.54448,5,Tyler Zeller,203092.0,290,Tyler Zeller,-0.40926412795519695
713,-5.56797041248994,Phoenix Suns,Rookie,0.875491,5,Eric Bledsoe,202339.0,47,Eric Bledsoe,-1.2230238173602688
714,-5.56797041248994,Phoenix Suns,Rookie,0.3548,5,Archie Goodwin,203462.0,50,Archie Goodwin,-4.895248523410386
715,-5.56797041248994,Phoenix Suns,Rookie,1.16424,5,Alex Len,203458.0,49,Alex Len,-1.409287739027293
716,-5.56797041248994,Phoenix Suns,Rookie,0.66852,5,Kendall Marshall,203088.0,238,Kendall Marshall,6.904126706069171
717,-5.56797041248994,Phoenix Suns,Rookie,0.69728,5,Markieff Morris,202693.0,100,Markieff Morris,2.9267100037194123
718,-5.56797041248994,Phoenix Suns,Rookie,0.6624399999999999,5,Marcus Morris,202694.0,186,Marcus Morris,0.30183239121977223
719,-5.56797041248994,Phoenix Suns,Rookie,0.37384,5,Miles Plumlee,203101.0,448,Miles Plumlee,1.373537260719214
720,-6.940230522178348,Orlando Magic,Rookie,0.60328,5,Maurice Harkless,203090.0,244,Maurice Harkless,-0.694265930267294
721,-6.940230522178348,Orlando Magic,Rookie,0.5152800000000001,5,Tobias Harris,202699.0,196,Tobias Harris,-3.3141761831396916
722,-6.940230522178348,Orlando Magic,Rookie,0.2629573333333333,5,Doron Lamb,203117.0,163,Doron Lamb,4.662638344122406
723,-6.940230522178348,Orlando Magic,Rookie,0.2947643333333333,5,E'Twaun Moore,202734.0,69,E'Twaun Moore,0.19206633238916737
724,-6.940230522178348,Orlando Magic,Rookie,0.494,5,Andrew Nicholson,203094.0,391,Andrew Nicholson,-2.7086222710598227
725,-6.940230522178348,Orlando Magic,Rookie,1.58792,5,Victor Oladipo,203506.0,243,Victor Oladipo,0.2193203223828224
726,-6.940230522178348,Orlando Magic,Rookie,0.2629573333333333,5,Kyle O'Quinn,203124.0,340,Kyle O'Quinn,2.3225606821794225
727,-6.940230522178348,Orlando Magic,Rookie,0.5978399999999999,5,Nikola Vucevic,202696.0,68,Nikola Vucevic,2.740091299543537
728,-9.109526369800527,Charlotte Hornets,Rookie,0.3053663333333333,5,Jeff Adrien,202399.0,469,Jeff Adrien,-1.570983660317185
729,-9.109526369800527,Charlotte Hornets,Rookie,1.01664,5,Bismack Biyombo,202687.0,468,Bismack Biyombo,0.41466590446561447
730,-9.109526369800527,Charlotte Hornets,Rookie,1.6032799999999998,5,Michael Kidd-Gilchrist,203077.0,141,Michael Kidd-Gilchrist,-2.915468473966602
731,-9.109526369800527,Charlotte Hornets,Rookie,0.8561200000000001,5,Kemba Walker,202689.0,66,Kemba Walker,8.184230813707806
732,-9.109526369800527,Charlotte Hornets,Rookie,1.28568,5,Cody Zeller,203469.0,271,Cody Zeller,-4.5196388117361534
